direction,entry_price,entry_date,entry_ci,stop_loss,swing_range,swing_range_pct,stop_dist_pct,rr_ratio,target_px,adx_at_entry,atr_at_entry,candles_to_entry,trend_age_candles,trend_swing_count,ref_HH,ref_HL,exit_price,exit_date,exit_ci,result,exit_reason,candles_held,adx_at_exit,pnl_pct,ref_LH,ref_LL,reason_cat
LONG,11403.84,2020-10-18,26,11145.99,524.78,4.6,2.26,2.04,11928.62,23.3,273.45,2,9,3,11726.78,11202.0,19918.91,2020-12-01,70,WIN,New HH @19919,44,42.6,74.67,,,New HH
LONG,54844.72,2021-03-26,185,50231.58,11337.87,20.67,8.41,2.46,66182.59,27.3,4203.74,1,85,7,61821.87,50484.0,55478.26,2021-04-07,197,WIN,HL confirmed @55478,12,15.3,1.16,,,HL confirmed
SHORT,57970.41,2021-05-01,221,65179.03,17899.32,30.88,12.43,2.48,40071.09,24.6,3414.36,6,10,2,,,59532.82,2021-05-10,230,WIN,New LH @59533,9,19.2,-2.7,64854.76,46955.44,New LH
SHORT,54695.37,2021-05-12,232,59830.48,12577.38,23.0,9.39,2.45,42117.99,21.2,3878.94,2,21,3,,,27446.47,2021-05-19,239,WIN,New LL @27446,7,37.1,49.82,59532.82,46955.44,New LL
SHORT,34851.63,2021-06-07,258,39677.26,12033.39,34.53,13.85,2.49,22818.24,56.5,3819.93,4,47,5,,,39677.26,2021-06-14,265,LOSS,Stop Loss,7,47.0,-13.85,39479.86,27446.47,Stop Loss
LONG,32799.46,2021-06-21,272,27309.24,13917.78,42.43,16.74,2.54,46717.24,40.0,3221.36,6,6,1,41364.25,27446.47,28791.23,2021-06-22,273,WIN,HL confirmed @28791,1,40.7,-12.22,,,HL confirmed
LONG,33627.01,2021-06-23,274,28647.27,12573.02,37.39,14.81,2.52,46200.03,40.6,3301.75,1,8,2,41364.25,28791.23,29283.18,2021-07-20,301,WIN,HL confirmed @29283,27,28.9,-12.92,,,HL confirmed
LONG,33929.75,2021-07-24,305,29136.76,12081.07,35.61,14.13,2.52,46010.82,24.1,1820.53,4,39,3,41364.25,29283.18,48146.26,2021-08-14,326,WIN,New HH @48146,21,36.9,41.9,,,New HH
LONG,47911.63,2021-08-27,339,46062.43,4206.1,8.78,3.86,2.27,52117.73,33.7,2352.69,1,73,7,50500.0,46293.9,52922.96,2021-09-07,350,WIN,New HH @52923,11,27.5,10.46,,,New HH
SHORT,48203.85,2021-09-19,362,52008.75,9220.0,19.13,7.89,2.42,38983.85,22.2,2493.35,1,12,2,,,39583.25,2021-09-21,364,WIN,New LL @39583,2,22.5,17.88,51750.0,42530.0,New LL
SHORT,47070.48,2021-10-01,374,52008.75,12166.75,25.85,10.49,2.46,34903.73,22.4,2822.09,10,24,3,,,52008.75,2021-10-06,379,LOSS,Stop Loss,5,23.0,-10.49,51750.0,39583.25,Stop Loss
LONG,61341.12,2021-10-29,402,57511.0,9206.9,15.01,6.24,2.4,70548.02,38.1,3248.1,1,22,3,67006.9,57800.0,69019.02,2021-11-10,414,WIN,New HH @69019,12,32.6,12.52,,,New HH
LONG,62115.01,2021-11-16,420,57511.0,11219.02,18.06,7.41,2.44,73334.03,25.9,3010.71,6,40,4,69019.02,57800.0,57511.0,2021-11-18,422,LOSS,Stop Loss,2,24.7,-7.41,,,Stop Loss
SHORT,47917.6,2021-12-28,462,52343.36,10829.92,22.6,9.24,2.45,37087.68,30.7,2546.7,1,36,3,,,39646.94,2022-01-10,475,WIN,New LL @39647,13,38.0,17.26,52082.95,41253.03,New LL
SHORT,42593.3,2022-01-17,482,44656.94,4787.83,11.24,4.84,2.32,37805.47,36.8,2033.62,4,56,5,,,32915.43,2022-01-24,489,WIN,New LL @32915,7,41.9,22.72,44434.77,39646.94,New LL
LONG,38751.66,2022-02-25,521,34149.87,11518.48,29.72,11.88,2.5,50270.14,24.1,2278.82,1,15,2,45839.96,34321.48,37152.55,2022-03-07,531,WIN,HL confirmed @37153,10,20.8,-4.13,,,HL confirmed
SHORT,30240.13,2022-06-01,617,32582.46,5668.6,18.75,7.75,2.42,24571.53,34.4,1779.67,1,36,3,,,17613.49,2022-06-18,634,WIN,New LL @17613,17,37.6,41.75,32420.36,26751.76,New LL
SHORT,20247.08,2022-06-29,645,22002.54,4279.58,21.14,8.67,2.44,15967.5,45.2,1516.77,3,64,5,,,22555.59,2022-07-08,654,LOSS,CHoCH UP @22556,9,35.9,-11.4,21893.07,17613.49,CHoCH UP
LONG,19514.3,2022-07-12,658,17525.42,4942.1,25.33,10.19,2.48,24456.4,29.6,1265.11,4,4,1,22555.59,17613.49,18900.0,2022-07-13,659,WIN,HL confirmed @18900,1,29.2,-3.15,,,HL confirmed
LONG,20306.0,2022-07-14,660,18805.5,3655.59,18.0,7.39,2.44,23961.59,28.2,1279.94,1,6,2,22555.59,18900.0,24273.45,2022-07-20,666,WIN,New HH @24273,6,23.2,19.54,,,New HH
LONG,23473.28,2022-08-17,694,22275.9,2822.14,12.02,5.1,2.36,26295.42,21.2,1039.35,2,40,7,25209.98,22387.84,22275.9,2022-08-19,696,LOSS,Stop Loss,2,20.8,-5.1,,,Stop Loss
SHORT,19520.76,2022-09-30,738,20485.02,2242.09,11.49,4.94,2.33,17278.67,22.1,997.4,3,41,5,,,20472.76,2022-10-04,742,LOSS,CHoCH UP @20473,4,18.1,-4.88,20383.1,18141.01,CHoCH UP
SHORT,16679.6,2022-11-24,793,17508.75,1929.31,11.57,4.97,2.33,14750.29,35.6,905.96,1,16,3,,,17800.0,2022-12-01,800,LOSS,CHoCH UP @17800,7,27.9,-6.72,17421.64,15492.33,CHoCH UP
LONG,17115.08,2022-12-08,807,16603.56,1113.0,6.5,2.99,2.18,18228.08,23.0,641.56,1,7,2,17800.0,16687.0,18372.46,2022-12-14,813,WIN,New HH @18372,6,22.2,7.35,,,New HH
LONG,17335.25,2022-12-15,814,16603.56,1685.46,9.72,4.22,2.3,19020.71,22.2,607.88,1,14,3,18372.46,16687.0,16603.56,2022-12-16,815,LOSS,Stop Loss,1,20.6,-4.22,,,Stop Loss
LONG,22476.16,2023-02-15,876,21251.22,2907.2,12.93,5.45,2.37,25383.36,37.0,911.26,2,38,3,24265.21,21358.01,25289.72,2023-02-21,882,WIN,New HH @25290,6,41.2,12.52,,,New HH
LONG,22870.21,2023-02-24,885,21251.22,3931.71,17.19,7.08,2.43,26801.92,38.0,1021.77,3,47,4,25289.72,21358.01,21251.22,2023-03-09,898,LOSS,Stop Loss,13,23.1,-7.08,,,Stop Loss
SHORT,23088.48,2023-03-13,902,25416.17,5723.23,24.79,10.08,2.46,17365.25,23.3,1065.24,3,3,1,,,25416.17,2023-03-14,903,LOSS,Stop Loss,1,24.4,-10.08,25289.72,19566.49,Stop Loss
LONG,27414.06,2023-03-29,918,26379.25,2345.85,8.56,3.77,2.27,29759.91,35.9,1280.05,2,12,3,28857.66,26511.81,29185.17,2023-03-30,919,WIN,New HH @29185,1,36.3,6.46,,,New HH
LONG,27540.03,2023-03-31,920,26379.25,2673.36,9.71,4.21,2.3,30213.39,36.5,1284.5,1,14,4,29185.17,26511.81,27215.17,2023-04-03,923,WIN,HL confirmed @27215,3,35.2,-1.18,,,HL confirmed
LONG,27972.86,2023-04-04,924,27079.09,1970.0,7.04,3.2,2.2,29942.86,34.2,1173.67,1,18,5,29185.17,27215.17,31040.6,2023-04-14,934,WIN,New HH @31041,10,37.1,10.97,,,New HH
LONG,28686.49,2023-04-19,939,27079.09,3825.43,13.34,5.6,2.38,32511.92,36.5,1022.31,5,33,6,31040.6,27215.17,26959.43,2023-04-24,944,LOSS,CHoCH DOWN @26959,5,28.4,-6.02,,,CHoCH DOWN
SHORT,28850.46,2023-05-01,951,30182.52,3072.93,10.65,4.62,2.31,25777.53,23.5,1104.33,5,7,2,,,25805.87,2023-05-12,962,WIN,New LL @25806,11,19.5,10.55,30032.36,26959.43,New LL
SHORT,27430.9,2023-05-31,981,28588.78,2640.68,9.63,4.22,2.28,24790.22,21.5,846.89,2,37,4,,,24789.01,2023-06-15,996,WIN,New LL @24789,15,28.6,9.63,28446.55,25805.87,New LL
SHORT,27039.8,2023-06-19,1000,28588.78,3657.54,13.53,5.73,2.36,23382.26,24.7,875.24,4,56,5,,,28588.78,2023-06-21,1002,LOSS,Stop Loss,2,25.9,-5.73,28446.55,24789.01,Stop Loss
LONG,30208.57,2023-07-02,1013,29292.11,2000.08,6.62,3.03,2.18,32208.65,33.3,963.39,2,10,3,31439.39,29439.31,31549.5,2023-07-06,1017,WIN,New HH @31550,4,32.0,4.44,,,New HH
LONG,30410.78,2023-07-10,1021,29550.58,1850.42,6.08,2.83,2.15,32261.2,31.5,893.53,3,18,5,31549.5,29699.08,31883.7,2023-07-13,1024,WIN,New HH @31884,3,33.6,4.84,,,New HH
SHORT,26719.37,2023-08-31,1073,28279.97,3691.75,13.82,5.84,2.37,23027.62,31.2,849.27,2,14,2,,,27483.25,2023-09-19,1092,WIN,New LH @27483,19,19.0,-2.86,28139.27,24447.52,New LH
LONG,27320.31,2023-10-16,1119,26402.46,2041.43,7.47,3.36,2.22,29361.74,21.1,765.58,5,15,3,28576.57,26535.14,38000.0,2023-11-09,1143,WIN,New HH @38000,24,65.8,39.09,,,New HH
LONG,35914.62,2023-11-16,1150,34438.19,3388.75,9.44,4.11,2.3,39303.37,62.4,1350.16,2,46,5,38000.0,34611.25,35631.29,2023-11-22,1156,WIN,HL confirmed @35631,6,53.3,-0.79,,,HL confirmed
LONG,41949.05,2023-12-13,1177,40022.34,4486.53,10.7,4.59,2.33,46435.58,44.5,1530.0,2,73,8,44709.99,40223.46,45881.47,2024-01-02,1197,WIN,New HH @45881,20,21.7,9.37,,,New HH
LONG,42509.65,2024-01-05,1200,40200.26,5479.2,12.89,5.43,2.37,47988.85,20.4,1814.73,2,96,10,45881.47,40402.27,48963.82,2024-01-11,1206,WIN,New HH @48964,6,19.2,15.18,,,New HH
LONG,51491.48,2024-02-24,1250,50280.07,2492.74,4.84,2.35,2.06,53984.22,33.7,1492.27,1,12,3,53025.47,50532.73,73780.93,2024-03-14,1269,WIN,New HH @73781,19,56.2,43.29,,,New HH
LONG,65765.91,2024-03-24,1279,60452.75,13024.4,19.8,8.08,2.45,78790.31,35.8,3976.96,4,41,5,73780.93,60756.53,62560.54,2024-04-01,1287,WIN,HL confirmed @62561,8,23.7,-4.87,,,HL confirmed
LONG,66876.07,2024-04-04,1290,62247.74,11220.39,16.78,6.92,2.42,78096.46,23.3,3749.59,3,52,6,73780.93,62560.54,62247.74,2024-04-13,1299,LOSS,Stop Loss,9,18.0,-6.92,,,Stop Loss
SHORT,64300.82,2024-04-24,1310,67575.03,7638.84,11.88,5.09,2.33,56661.98,23.8,3476.38,2,7,3,,,56553.16,2024-05-01,1317,WIN,New LL @56553,7,29.8,12.05,67238.84,59600.0,New LL
SHORT,63128.96,2024-05-03,1319,67575.03,10685.68,16.93,7.04,2.4,52443.28,31.0,3306.85,2,16,4,,,65515.0,2024-05-06,1322,WIN,New LH @65515,3,27.4,-3.78,67238.84,56553.16,New LH
SHORT,62068.14,2024-05-08,1324,65842.57,8961.84,14.44,6.08,2.37,53106.3,25.8,2956.88,2,21,5,,,65842.57,2024-05-15,1331,LOSS,Stop Loss,7,20.5,-6.08,65515.0,56553.16,Stop Loss
LONG,68695.06,2024-06-04,1351,66307.9,5340.27,7.77,3.48,2.24,74035.33,20.4,2295.48,4,18,3,71981.38,66641.11,72000.0,2024-06-07,1354,WIN,New HH @72000,3,21.9,4.81,,,New HH
LONG,68702.22,2024-06-11,1358,66307.9,5358.89,7.8,3.49,2.24,74061.11,20.3,2086.25,4,25,4,72000.0,66641.11,66307.9,2024-06-13,1360,LOSS,Stop Loss,2,18.7,-3.49,,,Stop Loss
SHORT,61775.05,2024-07-03,1380,64191.7,5452.96,8.83,3.91,2.26,56322.09,33.4,1965.46,2,19,3,,,53358.37,2024-07-05,1382,WIN,New LL @53358,2,36.6,13.62,63872.34,58419.38,New LL
SHORT,59828.51,2024-07-13,1390,64191.7,10513.97,17.57,7.29,2.41,49314.54,41.5,2338.76,8,29,4,,,64191.7,2024-07-15,1392,LOSS,Stop Loss,2,37.4,-7.29,63872.34,53358.37,Stop Loss
LONG,59787.32,2024-08-04,1412,53091.58,16715.26,27.96,11.2,2.5,76502.58,21.3,2698.69,6,19,2,70073.63,53358.37,48981.16,2024-08-05,1413,LOSS,CHoCH DOWN @48981,1,23.5,-18.07,,,CHoCH DOWN
LONG,57367.44,2024-09-10,1449,52282.01,12539.05,21.86,8.86,2.47,69906.49,24.2,2530.09,4,18,3,65083.78,52544.73,66529.36,2024-09-27,1466,WIN,New HH @66529,17,21.7,15.97,,,New HH
LONG,66898.35,2024-10-24,1493,64920.66,4293.79,6.42,2.96,2.17,71192.14,20.7,1992.17,1,9,3,69540.68,65246.89,73640.65,2024-10-29,1498,WIN,New HH @73641,5,21.9,10.08,,,New HH
LONG,68475.26,2024-11-03,1503,64920.66,8393.76,12.26,5.19,2.36,76869.02,22.4,2109.3,5,19,4,73640.65,65246.89,66824.6,2024-11-04,1504,WIN,HL confirmed @66825,1,21.0,-2.41,,,HL confirmed
LONG,69446.16,2024-11-06,1506,66490.48,6816.05,9.81,4.26,2.31,76262.21,21.5,2568.25,2,22,5,73640.65,66824.6,99632.99,2024-11-22,1522,WIN,New HH @99633,16,52.5,43.47,,,New HH
LONG,94170.23,2024-11-27,1527,90302.23,8876.98,9.43,4.11,2.29,103047.21,50.4,3774.83,1,43,7,99632.99,90756.01,104100.01,2024-12-05,1535,WIN,New HH @104100,8,43.9,10.54,,,New HH
SHORT,98888.47,2024-12-09,1539,104620.51,13550.01,13.7,5.8,2.36,85338.46,43.1,4197.87,4,4,1,,,104620.51,2024-12-15,1545,LOSS,Stop Loss,6,39.9,-5.8,104100.01,90550.0,Stop Loss
LONG,97405.77,2024-12-19,1549,90097.25,17824.99,18.3,7.5,2.44,115230.76,37.1,4363.32,2,3,2,108374.99,90550.0,92272.02,2024-12-20,1550,WIN,HL confirmed @92272,1,35.2,-5.27,,,HL confirmed
LONG,98465.47,2024-12-24,1554,91810.66,16102.97,16.35,6.76,2.42,114568.44,29.0,4399.54,4,8,3,108374.99,92272.02,91518.63,2024-12-30,1560,LOSS,CHoCH DOWN @91519,6,25.5,-7.06,,,CHoCH DOWN
SHORT,95877.19,2025-02-17,1609,99334.18,7703.26,8.03,3.61,2.23,88173.93,29.9,3433.71,3,14,2,,,99490.99,2025-02-21,1613,LOSS,CHoCH UP @99491,4,32.2,-3.77,98839.98,91136.72,CHoCH UP
LONG,94349.9,2025-02-24,1616,90681.04,8354.27,8.85,3.89,2.28,102704.17,34.3,3221.09,3,3,1,99490.99,91136.72,90681.04,2025-02-25,1617,LOSS,Stop Loss,1,36.4,-3.89,,,Stop Loss
SHORT,88581.64,2025-03-03,1623,95519.21,16802.11,18.97,7.83,2.42,71779.53,41.5,4693.09,1,5,3,,,76562.18,2025-03-11,1631,WIN,New LL @76562,8,36.2,13.57,95043.99,78241.88,New LL
SHORT,84091.7,2025-03-29,1649,89241.64,12235.47,14.55,6.12,2.38,71856.23,23.5,3435.76,5,31,5,,,74478.93,2025-04-07,1658,WIN,New LL @74479,9,18.9,11.43,88797.65,76562.18,New LL
LONG,116748.41,2025-08-18,1791,111344.14,12596.34,10.79,4.63,2.33,129344.75,21.4,2834.4,4,39,4,124500.0,111903.66,111344.14,2025-08-24,1797,LOSS,Stop Loss,6,16.6,-4.63,,,Stop Loss
SHORT,110897.51,2025-10-29,1863,116980.98,14303.85,12.9,5.49,2.35,96593.66,21.6,3820.48,2,19,2,,,98911.32,2025-11-04,1869,WIN,New LL @98911,6,22.6,10.81,116398.99,102095.14,New LL
SHORT,104222.23,2025-11-12,1877,108079.26,8630.23,8.28,3.7,2.24,95592.0,29.2,4024.37,1,33,4,,,80637.09,2025-11-21,1886,WIN,New LL @80637,9,44.2,22.63,107541.55,98911.32,New LL
SHORT,89233.11,2025-12-14,1909,95078.66,13968.54,15.65,6.55,2.39,75264.57,27.0,3494.7,5,65,6,,,94815.2,2026-01-05,1931,LOSS,CHoCH UP @94815,22,21.7,-6.26,94605.63,80637.09,CHoCH UP
LONG,91417.45,2026-01-13,1939,88847.38,5521.35,6.04,2.81,2.15,96938.8,27.7,2581.9,5,8,2,94815.2,89293.85,97961.13,2026-01-14,1940,WIN,New HH @97961,1,29.9,7.16,,,New HH
LONG,92627.42,2026-01-19,1945,88847.38,8667.28,9.36,4.08,2.29,101294.7,32.7,2321.28,5,14,3,97961.13,89293.85,88847.38,2026-01-20,1946,LOSS,Stop Loss,1,31.1,-4.08,,,Stop Loss
SHORT,66729.09,2026-02-18,1975,71332.89,11047.17,16.56,6.9,2.4,55681.92,57.5,3691.7,3,24,3,,,74074.99,2026-03-04,1989,LOSS,CHoCH UP @74075,14,43.6,-11.01,70978.0,59930.83,CHoCH UP
LONG,68860.33,2026-03-10,1995,65273.16,8473.82,12.31,5.21,2.36,77334.15,31.4,3437.59,2,6,2,74074.99,65601.17,76013.01,2026-03-17,2002,WIN,New HH @76013,7,26.1,10.39,,,New HH
LONG,69605.72,2026-03-19,2004,65273.16,10411.84,14.96,6.22,2.4,80017.56,24.0,3059.44,2,15,3,76013.01,65601.17,64969.0,2026-03-29,2014,LOSS,CHoCH DOWN @64969,10,16.7,-6.66,,,CHoCH DOWN
LONG,76684.55,2026-05-01,2047,74555.05,4562.6,5.95,2.78,2.14,81247.15,24.0,2314.19,2,14,3,79492.3,74929.7,82842.61,2026-05-06,2052,WIN,New HH @82843,5,29.1,8.03,,,New HH
LONG,77973.13,2026-05-16,2062,74555.05,7912.91,10.15,4.38,2.32,85886.04,29.1,2168.92,10,29,4,82842.61,74929.7,74555.05,2026-05-23,2069,LOSS,Stop Loss,7,20.1,-4.38,,,Stop Loss
SHORT,64158.88,2026-06-18,2095,67638.9,8173.12,12.74,5.42,2.35,55985.76,38.9,2308.98,3,22,3,,,58100.0,2026-06-25,2102,WIN,New LL @58100,7,35.1,9.44,67302.39,59129.27,New LL
