leg,direction,start_date,end_date,start_price,end_price,range_abs,range_pct,log_return,duration_days,velocity_per_day,ratio_to_prior_leg,nearest_fib,fib_deviation_pct,zone_vs_prior,time_ratio_to_prior,nearest_time_fib,time_fib_deviation_pct
1,DOWN,2024-07-29,2024-08-05,69985.0000,49111.0000,20874.0000,29.8264,-0.3542,7,2982.0000,,,,,,,
2,UP,2024-08-05,2024-08-08,49111.0000,62700.0000,13589.0000,27.6700,0.2443,3,4529.6667,0.6510,0.6180,5.3400,DEEP (61.8-78.6%),0.4286,0.3820,12.1915
3,DOWN,2024-08-08,2024-08-15,62700.0000,56117.7000,6582.3000,10.4981,-0.1109,7,940.3286,0.4844,0.5000,-3.1231,GOLDEN ZONE (38.2-61.8%),2.3333,2.6180,-10.8734
4,UP,2024-08-15,2024-08-25,56117.7000,65070.7000,8953.0000,15.9540,0.1480,10,895.3000,1.3602,1.4140,-3.8074,EXTENSION (>100%),1.4286,1.4140,1.0305
5,DOWN,2024-08-25,2024-09-06,65070.7000,52569.0000,12501.7000,19.2125,-0.2133,12,1041.8083,1.3964,1.4140,-1.2468,EXTENSION (>100%),1.2000,1.2720,-5.6604
6,UP,2024-09-06,2024-09-27,52569.0000,66452.8000,13883.8000,26.4106,0.2344,21,661.1333,1.1106,1.0000,11.0553,EXTENSION (>100%),1.7500,1.6180,8.1582
7,DOWN,2024-09-27,2024-10-10,66452.8000,58888.0000,7564.8000,11.3837,-0.1209,13,581.9077,0.5449,0.5000,8.9730,GOLDEN ZONE (38.2-61.8%),0.6190,0.6180,0.1695
8,UP,2024-10-10,2024-10-29,58888.0000,73574.9000,14686.9000,24.9404,0.2227,19,772.9947,1.9415,2.0000,-2.9261,EXTENSION (>100%),1.4615,1.4140,3.3620
9,DOWN,2024-10-29,2024-11-04,73574.9000,66836.0000,6738.9000,9.1592,-0.0961,6,1123.1500,0.4588,0.5000,-8.2325,GOLDEN ZONE (38.2-61.8%),0.3158,0.3820,-17.3326
10,UP,2024-11-04,2024-11-22,66836.0000,99650.0000,32814.0000,49.0963,0.3994,18,1823.0000,4.8693,4.2360,14.9514,EXTENSION (>100%),3.0000,2.6180,14.5913
11,DOWN,2024-11-22,2024-11-26,99650.0000,90736.0000,8914.0000,8.9453,-0.0937,4,2228.5000,0.2717,0.2360,15.1069,SHALLOW (<38.2%),0.2222,0.2360,-5.8380
12,UP,2024-11-26,2024-12-05,90736.0000,104015.5000,13279.5000,14.6353,0.1366,9,1475.5000,1.4897,1.4140,5.3561,EXTENSION (>100%),2.2500,2.0000,12.5000
13,DOWN,2024-12-05,2024-12-09,104015.5000,94140.9000,9874.6000,9.4934,-0.0997,4,2468.6500,0.7436,0.7860,-5.3947,DEEP (61.8-78.6%),0.4444,0.5000,-11.1111
14,UP,2024-12-09,2024-12-17,94140.9000,108297.6000,14156.7000,15.0378,0.1401,8,1769.5875,1.4336,1.4140,1.3895,EXTENSION (>100%),2.0000,2.0000,0.0000
15,DOWN,2024-12-17,2024-12-20,108297.6000,92159.0000,16138.6000,14.9021,-0.1614,3,5379.5333,1.1400,1.2720,-10.3776,EXTENSION (>100%),0.3750,0.3820,-1.8325
16,UP,2024-12-20,2024-12-26,92159.0000,99821.8000,7662.8000,8.3148,0.0799,6,1277.1333,0.4748,0.5000,-5.0376,GOLDEN ZONE (38.2-61.8%),2.0000,2.0000,0.0000
17,DOWN,2024-12-26,2024-12-30,99821.8000,91256.6000,8565.2000,8.5805,-0.0897,4,2141.3000,1.1178,1.0000,11.7764,EXTENSION (>100%),0.6667,0.6180,7.8749
18,UP,2024-12-30,2025-01-07,91256.6000,102759.3000,11502.7000,12.6048,0.1187,8,1437.8375,1.3430,1.4140,-5.0242,EXTENSION (>100%),2.0000,2.0000,0.0000
19,DOWN,2025-01-07,2025-01-13,102759.3000,89005.8000,13753.5000,13.3842,-0.1437,6,2292.2500,1.1957,1.2720,-6.0003,EXTENSION (>100%),0.7500,0.7860,-4.5802
20,UP,2025-01-13,2025-01-20,89005.8000,109112.0000,20106.2000,22.5898,0.2037,7,2872.3143,1.4619,1.4140,3.3873,EXTENSION (>100%),1.1667,1.2720,-8.2809
21,DOWN,2025-01-20,2025-01-27,109112.0000,97688.7000,11423.3000,10.4693,-0.1106,7,1631.9000,0.5681,0.6180,-8.0666,GOLDEN ZONE (38.2-61.8%),1.0000,1.0000,0.0000
22,UP,2025-01-27,2025-01-30,97688.7000,106414.4000,8725.7000,8.9321,0.0856,3,2908.5667,0.7639,0.7860,-2.8179,DEEP (61.8-78.6%),0.4286,0.3820,12.1915
23,DOWN,2025-01-30,2025-02-03,106414.4000,91000.0000,15414.4000,14.4853,-0.1565,4,3853.6000,1.7666,1.6180,9.1812,EXTENSION (>100%),1.3333,1.2720,4.8218
24,UP,2025-02-03,2025-02-04,91000.0000,101721.9000,10721.9000,11.7823,0.1114,1,10721.9000,0.6956,0.6180,12.5529,DEEP (61.8-78.6%),0.2500,0.2360,5.9322
25,DOWN,2025-02-04,2025-02-28,101721.9000,78219.0000,23502.9000,23.1051,-0.2627,24,979.2875,2.1920,2.0000,9.6023,EXTENSION (>100%),24.0000,4.2360,466.5722
26,UP,2025-02-28,2025-03-02,78219.0000,95000.0000,16781.0000,21.4539,0.1944,2,8390.5000,0.7140,0.7860,-9.1607,DEEP (61.8-78.6%),0.0833,0.2360,-64.6893
27,DOWN,2025-03-02,2025-03-04,95000.0000,81434.5000,13565.5000,14.2795,-0.1541,2,6782.7500,0.8084,0.7860,2.8479,FULL (78.6-100%),1.0000,1.0000,0.0000
28,UP,2025-03-04,2025-03-06,81434.5000,92741.5000,11307.0000,13.8848,0.1300,2,5653.5000,0.8335,0.7860,6.0447,FULL (78.6-100%),1.0000,1.0000,0.0000
29,DOWN,2025-03-06,2025-03-11,92741.5000,76615.7000,16125.8000,17.3879,-0.1910,5,3225.1600,1.4262,1.4140,0.8613,EXTENSION (>100%),2.5000,2.6180,-4.5073
30,UP,2025-03-11,2025-03-24,76615.7000,88750.0000,12134.3000,15.8379,0.1470,13,933.4077,0.7525,0.7860,-4.2650,DEEP (61.8-78.6%),2.6000,2.6180,-0.6875
31,DOWN,2025-03-24,2025-03-31,88750.0000,81270.3000,7479.7000,8.4278,-0.0880,7,1068.5286,0.6164,0.6180,-0.2573,GOLDEN ZONE (38.2-61.8%),0.5385,0.5000,7.6923
32,UP,2025-03-31,2025-04-02,81270.3000,89042.7000,7772.4000,9.5636,0.0913,2,3886.2000,1.0391,1.0000,3.9133,EXTENSION (>100%),0.2857,0.2360,21.0654
33,DOWN,2025-04-02,2025-04-07,89042.7000,74409.1000,14633.6000,16.4344,-0.1795,5,2926.7200,1.8828,2.0000,-5.8618,EXTENSION (>100%),2.5000,2.6180,-4.5073
34,UP,2025-04-07,2025-05-22,74409.1000,111983.2000,37574.1000,50.4966,0.4088,45,834.9800,2.5677,2.6180,-1.9229,EXTENSION (>100%),9.0000,4.2360,112.4646
35,DOWN,2025-05-22,2025-06-05,111983.2000,100400.0000,11583.2000,10.3437,-0.1092,14,827.3714,0.3083,0.3820,-19.2994,SHALLOW (<38.2%),0.3111,0.3820,-18.5573
36,UP,2025-06-05,2025-06-09,100400.0000,110550.0000,10150.0000,10.1096,0.0963,4,2537.5000,0.8763,0.7860,11.4846,FULL (78.6-100%),0.2857,0.2360,21.0654
37,DOWN,2025-06-09,2025-06-22,110550.0000,98277.2000,12272.8000,11.1016,-0.1177,13,944.0615,1.2091,1.2720,-4.9416,EXTENSION (>100%),3.2500,3.6180,-10.1714
38,UP,2025-06-22,2025-07-14,98277.2000,123140.0000,24862.8000,25.2986,0.2255,22,1130.1273,2.0258,2.0000,1.2923,EXTENSION (>100%),1.6923,1.6180,4.5926
39,DOWN,2025-07-14,2025-08-03,123140.0000,111897.1000,11242.9000,9.1302,-0.0957,20,562.1450,0.4522,0.5000,-9.5605,GOLDEN ZONE (38.2-61.8%),0.9091,1.0000,-9.0909
40,UP,2025-08-03,2025-08-14,111897.1000,124420.0000,12522.9000,11.1914,0.1061,11,1138.4455,1.1138,1.0000,11.3850,EXTENSION (>100%),0.5500,0.5000,10.0000
41,DOWN,2025-08-14,2025-09-01,124420.0000,107255.0000,17165.0000,13.7960,-0.1485,18,953.6111,1.3707,1.4140,-3.0630,EXTENSION (>100%),1.6364,1.6180,1.1350
42,UP,2025-09-01,2025-10-06,107255.0000,126198.1000,18943.1000,17.6617,0.1626,35,541.2314,1.1036,1.0000,10.3589,EXTENSION (>100%),1.9444,2.0000,-2.7778
43,DOWN,2025-10-06,2025-10-10,126198.1000,100000.0000,26198.1000,20.7595,-0.2327,4,6549.5250,1.3830,1.4140,-2.1931,EXTENSION (>100%),0.1143,0.2360,-51.5738
44,UP,2025-10-10,2025-10-13,100000.0000,115977.7000,15977.7000,15.9777,0.1482,3,5325.9000,0.6099,0.6180,-1.3139,GOLDEN ZONE (38.2-61.8%),0.7500,0.7860,-4.5802
45,DOWN,2025-10-13,2025-10-17,115977.7000,103583.2000,12394.5000,10.6870,-0.1130,4,3098.6250,0.7757,0.7860,-1.3057,DEEP (61.8-78.6%),1.3333,1.2720,4.8218
46,UP,2025-10-17,2025-10-27,103583.2000,116309.8000,12726.6000,12.2864,0.1159,10,1272.6600,1.0268,1.0000,2.6794,EXTENSION (>100%),2.5000,2.6180,-4.5073
47,DOWN,2025-10-27,2025-11-04,116309.8000,98900.0000,17409.8000,14.9685,-0.1621,8,2176.2250,1.3680,1.4140,-3.2542,EXTENSION (>100%),0.8000,0.7860,1.7812
48,UP,2025-11-04,2025-11-11,98900.0000,107400.0000,8500.0000,8.5945,0.0825,7,1214.2857,0.4882,0.5000,-2.3538,GOLDEN ZONE (38.2-61.8%),0.8750,0.7860,11.3232
49,DOWN,2025-11-11,2025-11-21,107400.0000,80595.2000,26804.8000,24.9579,-0.2871,10,2680.4800,3.1535,3.6180,-12.8384,EXTENSION (>100%),1.4286,1.4140,1.0305
50,UP,2025-11-21,2025-11-28,80595.2000,93050.0000,12454.8000,15.4535,0.1437,7,1779.2571,0.4646,0.5000,-7.0704,GOLDEN ZONE (38.2-61.8%),0.7000,0.7860,-10.9415
51,DOWN,2025-11-28,2025-12-01,93050.0000,83870.8000,9179.2000,9.8648,-0.1039,3,3059.7333,0.7370,0.7860,-6.2340,DEEP (61.8-78.6%),0.4286,0.3820,12.1915
52,UP,2025-12-01,2025-12-09,83870.8000,94583.7000,10712.9000,12.7731,0.1202,8,1339.1125,1.1671,1.2720,-8.2481,EXTENSION (>100%),2.6667,2.6180,1.8589
53,DOWN,2025-12-09,2025-12-18,94583.7000,84421.4000,10162.3000,10.7442,-0.1137,9,1129.1444,0.9486,1.0000,-5.1396,FULL (78.6-100%),1.1250,1.0000,12.5000
54,UP,2025-12-18,2026-01-14,84421.4000,97899.7000,13478.3000,15.9655,0.1481,27,499.1963,1.3263,1.2720,4.2692,EXTENSION (>100%),3.0000,2.6180,14.5913
55,DOWN,2026-01-14,2026-02-06,97899.7000,60500.0000,37399.7000,38.2021,-0.4813,23,1626.0739,2.7748,2.6180,5.9896,EXTENSION (>100%),0.8519,0.7860,8.3781
56,UP,2026-02-06,2026-02-08,60500.0000,72256.1000,11756.1000,19.4316,0.1776,2,5878.0500,0.3143,0.3820,-17.7129,SHALLOW (<38.2%),0.0870,0.2360,-63.1540
57,DOWN,2026-02-08,2026-02-12,72256.1000,65072.2000,7183.9000,9.9423,-0.1047,4,1795.9750,0.6111,0.6180,-1.1200,GOLDEN ZONE (38.2-61.8%),2.0000,2.0000,0.0000
58,UP,2026-02-12,2026-02-15,65072.2000,70935.2000,5863.0000,9.0100,0.0863,3,1954.3333,0.8161,0.7860,3.8334,FULL (78.6-100%),0.7500,0.7860,-4.5802
59,DOWN,2026-02-15,2026-02-24,70935.2000,62500.0000,8435.2000,11.8914,-0.1266,9,937.2444,1.4387,1.4140,1.7480,EXTENSION (>100%),3.0000,2.6180,14.5913
60,UP,2026-02-24,2026-02-25,62500.0000,70000.0000,7500.0000,12.0000,0.1133,1,7500.0000,0.8891,1.0000,-11.0869,FULL (78.6-100%),0.1111,0.2360,-52.9190
61,DOWN,2026-02-25,2026-02-28,70000.0000,63030.0000,6970.0000,9.9571,-0.1049,3,2323.3333,0.9293,1.0000,-7.0667,FULL (78.6-100%),3.0000,2.6180,14.5913
62,UP,2026-02-28,2026-03-04,63030.0000,74062.1000,11032.1000,17.5029,0.1613,4,2758.0250,1.5828,1.6180,-2.1757,EXTENSION (>100%),1.3333,1.2720,4.8218
63,DOWN,2026-03-04,2026-03-08,74062.1000,65646.2000,8415.9000,11.3633,-0.1206,4,2103.9750,0.7629,0.7860,-2.9446,DEEP (61.8-78.6%),1.0000,1.0000,0.0000
64,UP,2026-03-08,2026-03-17,65646.2000,75998.1000,10351.9000,15.7692,0.1464,9,1150.2111,1.2300,1.2720,-3.2987,EXTENSION (>100%),2.2500,2.0000,12.5000
65,DOWN,2026-03-17,2026-03-29,75998.1000,64960.0000,11038.1000,14.5242,-0.1569,12,919.8417,1.0663,1.0000,6.6287,EXTENSION (>100%),1.3333,1.2720,4.8218
66,UP,2026-03-29,2026-05-06,64960.0000,82790.9000,17830.9000,27.4490,0.2425,38,469.2342,1.6154,1.6180,-0.1610,EXTENSION (>100%),3.1667,3.6180,-12.4747
67,DOWN,2026-05-06,2026-06-05,82790.9000,59070.6000,23720.3000,28.6509,-0.3376,30,790.6767,1.3303,1.2720,4.5827,EXTENSION (>100%),0.7895,0.7860,0.4419
68,UP,2026-06-05,2026-06-15,59070.6000,67263.5000,8192.9000,13.8697,0.1299,10,819.2900,0.3454,0.3820,-9.5822,SHALLOW (<38.2%),0.3333,0.3820,-12.7400
69,DOWN,2026-06-15,2026-06-25,67263.5000,58033.0000,9230.5000,13.7229,-0.1476,10,923.0500,1.1266,1.0000,12.6646,EXTENSION (>100%),1.0000,1.0000,0.0000
