dir,entry_bar,exit_bar,lots,pnl,equity
-1,182,207,503,-158.80307707858182,841.1969229214181
-1,353,363,201,-230.15025172398057,611.0466711974376
1,510,541,214,448.957754216879,1060.0044254143165
-1,1021,1075,571,2613.892958611264,3673.8973840255803
-1,1093,1106,1242,-1054.7631930830332,2619.1341909425473
1,1855,1872,529,-421.90026163214156,2197.233929310406
1,2091,2102,1116,-480.4211401192752,1716.8127891911308
-1,3106,3122,917,-384.8880711227976,1331.9247180683333
-1,3219,3221,608,-399.2867976128016,932.6379204555317
-1,3730,3739,444,-283.002992103838,649.6349283516937
-1,3772,3820,217,548.6725680987591,1198.3074964504528
-1,3837,3879,564,1852.8211761139228,3051.128672564376
-1,3968,4006,659,1253.8611604319037,4304.98983299628
1,4566,4579,1264,-1187.2434183884832,3117.7464146077964
-1,4753,4757,807,-847.3332440975958,2270.413170510201
-1,4845,4889,652,1022.9550662803231,3293.368236790524
1,5311,5312,785,284.1445352437009,3577.512772034225
-1,5687,5692,1940,-1083.0462220512034,2494.4665499830217
1,6557,6571,919,-686.606857078833,1807.8596929041887
-1,6921,6960,1214,598.8605122885996,2406.7202051927884
-1,7069,7093,899,-152.69210267767735,2254.028102515111
1,7129,7152,470,-165.39599251820238,2088.6321099969086
1,7203,7219,1412,-480.6689718585515,1607.9631381383572
1,7231,7241,694,-390.6130807668424,1217.3500573715148
-1,7719,7785,770,3528.991021771607,4746.3410791431215
-1,7946,7955,2707,-1426.929843080182,3319.4112360629397
1,8183,8186,2177,-1028.478795353234,2290.9324407097056
-1,9819,9832,1181,307.03830838403525,2597.970749093741
-1,10012,10025,1151,-774.1277629132029,1823.842986180538
-1,10700,10710,732,-535.8136405603224,1288.0293456202157
1,10856,10875,624,-398.80189498656307,889.2274506336527
-1,11165,11196,222,-114.10873135680018,775.1187192768525
1,11737,11752,329,62.61036425308208,837.7290835299345
1,11837,11898,305,302.5723180899018,1140.3014016198363
-1,12351,12365,473,-156.5472079773779,983.7541936424584
-1,14179,14192,222,-268.08680378327966,715.6673898591787
-1,14622,14636,374,45.75533130695984,761.4227211661386
-1,14914,14928,293,123.54506600634242,884.9677871724809
-1,17258,17297,303,237.97604800914218,1122.9438351816232
1,17955,18025,501,641.3901043892411,1764.3339395708642
-1,18857,18929,771,1682.5182570631248,3446.852196633989
-1,18941,18978,1677,2700.827770641792,6147.679967275781
-1,20181,20204,1805,888.907016465997,7036.586983741778
-1,20283,20313,3053,643.1674622309328,7679.7544459727105
-1,20520,20563,3010,2627.6137010045977,10307.368146977307
-1,20668,20716,3517,729.8641984814233,11037.232345458731
1,20770,20806,3559,-353.2403188697645,10683.992026588967
1,20957,20999,2256,1435.6001946240015,12119.592221212968
-1,21625,21661,3336,730.2186229319941,12849.810844144962
-1,22300,22314,5409,-2865.910225386582,9983.90061875838
1,25222,25237,3429,-1572.0656399645547,8411.834978793826
-1,25371,25393,1597,760.4708957337278,9172.305874527554
-1,25662,25707,2917,19039.982306554182,28212.288181081734
1,25856,25903,8462,13974.799444781553,42187.087625863285
1,26054,26081,8507,-1688.64955680521,40498.43806905807
-1,26139,26185,11213,-3847.4496681049727,36650.9884009531
-1,26237,26274,7849,13551.861119145715,50202.84952009882
-1,26299,26317,19605,38272.5469456999,88475.39646579872
1,26327,26331,26857,-25204.283689536514,63271.112776262205
1,26506,26549,21462,20513.21367556121,83784.3264518234
1,26577,26598,14305,4381.705669761787,88166.03212158519
1,26718,26731,17216,-23880.83016125956,64285.20196032563
-1,27697,27717,31014,-5957.580545521016,58327.62141480461
1,27964,27965,28276,-12766.969837059845,45560.651577744764
-1,28024,28047,14331,1715.49764600516,47276.149223749926
1,28156,28197,9178,-2297.966861375162,44978.18236237476
1,28361,28402,18051,-1659.1302245918398,43319.05213778292
1,28541,28611,20827,50018.4702398846,93337.52237766751
-1,28833,28860,24687,-3481.663510255251,89855.85886741226
-1,28929,28953,45959,79150.42069845577,169006.27956586803
1,29069,29090,67233,-47928.833199464585,121077.44636640344
1,29204,29206,67631,-34683.36997053057,86394.07639587286
1,29408,29427,33383,-11542.974473534789,74851.10192233807
1,29880,29918,39065,10478.0970443581,85329.19896669617
1,30185,30231,41625,38714.530807575255,124043.72977427143
-1,30373,30387,38554,-19018.478813225756,105025.25096104568
-1,30594,30665,15905,51546.642860348285,156571.89382139395
1,30735,30830,83139,425101.50684510753,581673.4006665015
-1,31326,31338,149065,-79238.83725996943,502434.56340653205
1,31424,31442,105829,135687.48996024622,638122.0533667783
-1,32199,32218,294338,65487.68642037776,703609.7397871561
-1,32300,32332,267936,81060.96825760079,784670.7080447569
1,32960,32978,296006,-210657.9943256829,574012.713719074
-1,33053,33063,123503,-22992.844119969708,551019.8695991043
1,33730,33779,217883,57384.209452595176,608404.0790516995
1,34014,34036,191692,58017.07558548259,666421.1546371821
-1,34114,34134,375743,-209026.53263762585,457394.6219995563
1,34876,34913,155224,89930.75016491028,547325.3721644667
-1,34984,35015,289129,192687.08818864785,740012.4603531145
-1,35296,35319,434365,645680.4584851931,1385692.9188383077
-1,36516,36542,189378,354099.4627688287,1739792.3816071365
-1,36605,36642,557064,-61786.766684429575,1678005.614922707
-1,36892,36913,360076,155577.9307231005,1833583.5456458074
-1,36977,36987,530208,-491921.27389435953,1341662.2717514478
1,37099,37123,415743,-171133.29707996696,1170528.974671481
-1,37150,37169,238563,-84716.05682222593,1085812.917849255
1,37251,37284,281244,46364.61761518138,1132177.5354644365
-1,37672,37691,406698,-249478.65352042712,882698.8819440093
1,38041,38042,735091,-194105.75443978995,688593.1275042194
-1,38417,38429,487569,-205067.41030595472,483525.71719826467
-1,38626,38646,392705,-22586.936172439262,460938.7810258254
-1,38661,38677,228641,347836.00547986187,808774.7865056873
-1,38732,38754,414809,-162604.58234364816,646170.2041620391
1,38866,38871,365238,-188584.33821251855,457585.86594952055
-1,39084,39133,275357,223558.23470873616,681144.1006582567
1,39215,39235,438640,301128.43983788136,982272.540496138
1,39391,39405,429207,-80293.32418160186,901979.2163145362
1,39555,39605,717089,2401487.2954233675,3303466.5117379036
1,40256,40283,1280732,-1135.8354374349055,3302330.676300469
-1,41116,41136,2348435,-578542.6510989364,2723788.0252015325
1,41394,41435,1054282,169813.12602147527,2893601.1512230076
1,41577,41597,2086877,-838368.5836308168,2055232.5675921908
1,41725,41731,1224597,-548423.6504587235,1506808.9171334673
-1,42081,42116,793949,279168.09519004106,1785977.0123235083
-1,42313,42363,1151001,483775.34476318443,2269752.357086693
1,42367,42377,1918943,-724439.9855537694,1545312.3715329235
1,43045,43068,987914,-61563.02348719185,1483749.3480457317
1,43129,43163,683523,270103.4997245413,1753852.847770273
-1,43277,43342,1234999,773580.7258425478,2527433.573612821
1,43416,43480,1429816,4160144.6848920234,6687578.258504844
1,43519,43524,2736518,-1892764.7394178316,4794813.519087013
1,43727,43750,3105819,-1332854.217421297,3461959.301665716
1,44393,44422,936134,83824.26907944054,3545783.5707451566
1,44630,44660,1847471,-665100.408719192,2880683.162025965
-1,44818,44879,1474608,524599.2930840316,3405282.4551099963
-1,44952,44996,2177607,404116.4473822544,3809398.902492251
1,45531,45559,1709587,-321017.3469210321,3488381.5555712185
1,46394,46432,1909313,2003006.839077865,5491388.394649084
-1,46781,46792,2608527,-1596160.4456771594,3895227.9489719244
-1,47176,47253,2864605,5072493.24619899,8967721.195170915
1,47544,47550,6455607,-2847981.083251211,6119740.111919704
-1,47739,47752,2078679,-1680734.194998206,4439005.916921498
1,48286,48294,3516900,-1395957.4782838982,3043048.4386376003
-1,49081,49095,2458330,-946844.4381647266,2096204.0004728737
1,49186,49204,1074316,-599273.5573453901,1496930.4431274836
1,49400,49447,445410,15931.458339198232,1512861.9014666819
-1,49680,49694,658572,-295090.6011819407,1217771.3002847412
-1,50073,50083,1010476,-277234.7726247276,940536.5276600136
-1,50857,50922,810653,862853.1631574315,1803389.690817445
1,51002,51042,586472,-128420.00366664794,1674969.687150797
1,51428,51438,1219168,-510627.81247450877,1164341.8746762883
