timestamp,date,open,high,low,close,volume
1720310400,2024-07-07,58234.9,58396.7,55727.7,55845.4,940.57443934
1720396800,2024-07-08,55845.4,58129.8,54301.3,56699.3,2283.59009877
1720483200,2024-07-09,56699.3,58245.2,56325.2,58001.6,1412.64260222
1720569600,2024-07-10,58001.6,59474.1,57154.1,57743.1,1511.28549023
1720656000,2024-07-11,57742.1,59500.0,57075.5,57350.0,1532.40446222
1720742400,2024-07-12,57350.0,58494.9,56593.3,57911.4,1135.13837554
1720828800,2024-07-13,57911.5,59836.5,57784.1,59222.8,985.88672616
1720915200,2024-07-14,59222.8,61373.5,59222.8,60810.0,1537.75585929
1721001600,2024-07-15,60810.0,64900.0,60704.5,64764.2,2989.71251023
1721088000,2024-07-16,64764.3,65416.3,62466.0,65088.7,3185.16204963
1721174400,2024-07-17,65077.1,66100.3,63853.1,64120.0,1952.56296580
1721260800,2024-07-18,64120.1,65097.1,63225.5,63960.7,1495.39840213
1721347200,2024-07-19,63960.7,67429.0,63350.0,66708.9,2068.88597692
1721433600,2024-07-20,66708.9,67612.9,66301.4,67166.1,878.57703216
1721520000,2024-07-21,67166.1,68313.0,65857.0,68137.1,1510.08005220
1721606400,2024-07-22,68137.2,68531.4,66600.0,67595.1,1381.72971405
1721692800,2024-07-23,67595.2,67761.1,65458.8,65900.8,2538.76002268
1721779200,2024-07-24,65900.8,67098.3,65134.4,65367.0,1565.37594373
1721865600,2024-07-25,65360.4,66090.9,63427.5,65795.4,1783.90500659
1721952000,2024-07-26,65794.2,69000.0,65755.6,67914.7,2487.78967158
1722038400,2024-07-27,67914.7,69398.3,66624.3,67900.8,3068.23357372
1722124800,2024-07-28,67912.9,68282.0,67090.9,68250.0,995.06551127
1722211200,2024-07-29,68250.0,69985.0,66429.9,66755.3,2738.33894061
1722297600,2024-07-30,66755.4,66973.7,65337.5,66175.1,1726.18820443
1722384000,2024-07-31,66175.1,66799.9,64524.6,64638.1,1565.48572184
1722470400,2024-08-01,64638.1,65550.0,62250.0,65300.0,2421.32198213
1722556800,2024-08-02,65300.1,65500.0,61205.0,61409.9,2656.60031785
1722643200,2024-08-03,61410.0,62126.7,59826.5,60688.5,2560.01992687
1722729600,2024-08-04,60688.6,61040.4,57176.3,58103.0,1993.41704536
1722816000,2024-08-05,58103.1,58270.3,49111.0,54006.5,10612.00555526
1722902400,2024-08-06,54012.4,57056.5,53978.6,56080.0,3145.82396579
1722988800,2024-08-07,56080.0,57720.8,54556.5,55091.0,2780.75950654
1723075200,2024-08-08,55138.1,62700.0,54760.3,61704.7,3570.74854621
1723161600,2024-08-09,61701.9,61732.2,59572.9,60859.9,3535.85878338
1723248000,2024-08-10,60859.9,61444.6,60284.3,60951.7,745.15375745
1723334400,2024-08-11,60951.8,61800.0,58329.9,58717.7,1657.29620150
1723420800,2024-08-12,58717.7,60658.4,57690.0,59359.9,1772.47497441
1723507200,2024-08-13,59359.5,61555.0,58441.2,60600.0,2442.99193825
1723593600,2024-08-14,60600.1,61773.4,58500.0,58693.6,2297.26406239
1723680000,2024-08-15,58693.7,59885.4,56117.7,57554.9,2578.85459852
1723766400,2024-08-16,57555.0,59800.0,57100.9,58898.4,1659.79839491
1723852800,2024-08-17,58895.6,59682.2,58812.4,59473.3,456.34171482
1723939200,2024-08-18,59473.4,60234.4,58451.6,58466.5,812.95931566
1724025600,2024-08-19,58466.5,59593.0,57860.8,59493.7,1313.02080450
1724112000,2024-08-20,59493.7,61391.9,58572.7,59023.3,2101.76376736
1724198400,2024-08-21,59023.3,61800.0,58844.0,61179.7,2153.31118019
1724284800,2024-08-22,61179.8,61416.7,59805.7,60391.1,1586.14888616
1724371200,2024-08-23,60391.1,64950.9,60390.0,64087.4,3155.25945614
1724457600,2024-08-24,64087.5,64481.2,63641.0,64176.0,953.24449315
1724544000,2024-08-25,64176.1,65070.7,63834.5,64288.1,707.02067492
1724630400,2024-08-26,64288.1,64455.5,62851.0,62854.7,1136.40633879
1724716800,2024-08-27,62851.1,63200.0,58009.6,59458.0,2317.87991070
1724803200,2024-08-28,59458.0,60216.2,57870.8,59025.6,1959.75911169
1724889600,2024-08-29,59025.6,61143.1,58717.4,59385.5,1464.07565396
1724976000,2024-08-30,59385.5,59899.0,57755.0,59105.0,1521.27611375
1725062400,2024-08-31,59110.0,59443.0,58736.9,58972.3,558.76100338
1725148800,2024-09-01,58972.3,59026.7,57210.0,57321.2,1772.08376068
1725235200,2024-09-02,57318.5,59388.0,57124.2,59128.6,1728.80022150
1725321600,2024-09-03,59128.7,59773.0,57406.4,57497.6,1444.70195880
1725408000,2024-09-04,57482.4,58508.0,55617.7,57970.0,2253.64124921
1725494400,2024-09-05,57970.1,58285.9,55601.5,56163.9,2115.36409133
1725580800,2024-09-06,56163.9,56964.1,52569.0,53948.3,3806.68584457
1725667200,2024-09-07,53948.3,54810.2,53739.0,54146.4,1015.36745899
1725753600,2024-09-08,54146.5,55317.6,53636.6,54856.8,980.64078512
1725840000,2024-09-09,54856.9,58050.8,54580.3,57062.7,1806.65055351
1725926400,2024-09-10,57062.7,58000.0,56440.2,57630.0,1234.54187638
1726012800,2024-09-11,57630.0,57990.0,55548.1,57350.6,2108.12975023
1726099200,2024-09-12,57350.7,58546.4,57339.0,58133.1,1392.83982615
1726185600,2024-09-13,58133.4,60657.4,57658.3,60581.0,2992.83088973
1726272000,2024-09-14,60581.1,60650.0,59478.3,60000.1,1011.96700566
1726358400,2024-09-15,60000.2,60350.0,58679.1,59135.1,911.81154664
1726444800,2024-09-16,59135.1,59176.7,57488.7,58197.2,1394.86006272
1726531200,2024-09-17,58197.3,61300.0,57619.9,60317.2,2381.81722631
1726617600,2024-09-18,60317.1,61777.7,59164.6,61777.7,2374.42823592
1726704000,2024-09-19,61777.7,63840.0,61599.2,62922.1,2674.76794810
1726790400,2024-09-20,62922.2,64087.0,62373.3,63210.2,2234.54850294
1726876800,2024-09-21,63210.3,63539.5,62801.0,63376.1,1769.28073004
1726963200,2024-09-22,63376.1,64000.0,62440.6,63615.2,2192.35369043
1727049600,2024-09-23,63615.2,64777.3,62643.0,63332.4,2429.20341709
1727136000,2024-09-24,63332.4,64681.0,62739.4,64271.8,1731.18720351
1727222400,2024-09-25,64271.9,64770.0,62917.4,63139.2,1472.03011434
1727308800,2024-09-26,63139.2,65764.9,62673.3,65183.5,2376.40345616
1727395200,2024-09-27,65179.3,66452.8,64841.2,65788.9,1580.52059663
1727481600,2024-09-28,65788.8,66218.7,65475.7,65878.4,434.17709796
1727568000,2024-09-29,65862.7,66055.0,65474.4,65610.0,541.96337683
1727654400,2024-09-30,65610.1,65610.1,62883.9,63338.5,1812.35809052
1727740800,2024-10-01,63325.0,64100.0,60203.4,60819.1,2632.62350634
1727827200,2024-10-02,60819.1,62350.0,60000.0,60635.3,1636.61948719
1727913600,2024-10-03,60643.9,61467.5,59850.0,60739.6,1794.05177805
1728000000,2024-10-04,60739.7,62470.0,60451.6,62081.0,1614.92871105
1728086400,2024-10-05,62081.0,62328.3,61700.0,62049.0,543.87208120
1728172800,2024-10-06,62048.5,62921.0,61824.9,62809.3,558.72425339
1728259200,2024-10-07,62809.4,64419.3,62150.8,62234.6,1753.12946058
1728345600,2024-10-08,62221.1,63180.2,61825.4,62117.9,1451.97055407
1728432000,2024-10-09,62120.6,62493.0,60300.0,60558.0,1425.15802177
1728518400,2024-10-10,60558.0,61237.4,58888.0,60279.5,1660.04543018
1728604800,2024-10-11,60275.9,63414.5,60063.4,62502.5,1956.73441154
1728691200,2024-10-12,62502.5,63445.0,62495.0,63184.0,687.24397320
1728777600,2024-10-13,63184.9,63273.0,62029.9,62834.9,808.19554302
1728864000,2024-10-14,62834.9,66400.0,62465.0,66025.5,2419.74862017
1728950400,2024-10-15,66025.6,67871.1,64686.1,67060.5,3990.01286365
1729036800,2024-10-16,67056.0,68328.6,66751.5,67589.9,1989.74847719
1729123200,2024-10-17,67590.0,67899.9,66644.5,67407.8,1581.80315377
1729209600,2024-10-18,67407.8,68980.3,67189.9,68440.3,1519.44740947
1729296000,2024-10-19,68440.2,68632.7,68062.2,68374.9,402.00012426
1729382400,2024-10-20,68375.0,69315.0,68129.4,69010.5,696.12320319
1729468800,2024-10-21,69010.5,69447.8,66838.6,67385.1,2249.69267837
1729555200,2024-10-22,67385.1,67750.0,66564.4,67387.6,1332.15318315
1729641600,2024-10-23,67384.2,67407.5,65199.0,66633.4,1637.67388406
1729728000,2024-10-24,66630.5,68794.2,66452.2,68170.1,1711.06407067
1729814400,2024-10-25,68170.1,68699.0,65531.0,66606.8,1962.90088500
1729900800,2024-10-26,66606.8,67348.4,66364.0,67026.0,551.11680650
1729987200,2024-10-27,67026.1,68196.0,66850.4,67941.2,669.93058797
1730073600,2024-10-28,67941.3,70200.0,67535.0,69911.9,2663.61172521
1730160000,2024-10-29,69912.0,73574.9,69720.1,72661.0,3112.48180118
1730246400,2024-10-30,72661.0,72887.9,71400.0,72331.1,1750.94496989
1730332800,2024-10-31,72331.1,72662.0,69602.0,70250.1,1855.72917608
1730419200,2024-11-01,70250.1,71576.0,68810.0,69490.1,2425.49168870
1730505600,2024-11-02,69490.1,69858.8,69060.0,69300.0,803.13883973
1730592000,2024-11-03,69300.9,69363.3,67483.7,68748.7,2115.26348924
1730678400,2024-11-04,68748.7,69430.6,66836.0,67783.3,1544.56123278
1730764800,2024-11-05,67787.8,70482.0,67481.4,69382.7,2008.23627213
1730851200,2024-11-06,69382.7,76457.6,69341.0,75642.0,8946.48732813
1730937600,2024-11-07,75642.1,76937.5,74500.0,75949.2,3152.67539089
1731024000,2024-11-08,75949.3,77242.0,75713.0,76550.4,2322.42184749
1731110400,2024-11-09,76550.5,76911.0,75785.2,76728.3,1025.99230375
1731196800,2024-11-10,76728.3,81480.7,76569.9,80423.3,4998.42665424
1731283200,2024-11-11,80423.3,89600.0,80299.9,88737.6,7092.85736454
1731369600,2024-11-12,88737.5,89920.0,85136.0,88087.3,6817.99545766
1731456000,2024-11-13,88087.3,93435.0,86258.0,90490.9,7626.54566803
1731542400,2024-11-14,90496.8,91780.0,86621.9,87313.2,6252.08697742
1731628800,2024-11-15,87314.4,91850.0,87135.0,91062.0,3879.47146166
1731715200,2024-11-16,91062.0,91750.0,90149.0,90555.1,1466.32281088
1731801600,2024-11-17,90567.7,91399.0,88728.6,89850.0,1823.63907979
1731888000,2024-11-18,89850.0,92607.2,89400.0,90507.9,3681.74954480
1731974400,2024-11-19,90508.0,94000.0,90424.6,92376.1,4118.94491548
1732060800,2024-11-20,92376.1,94925.0,91636.1,94364.5,3479.27477537
1732147200,2024-11-21,94356.8,98999.0,94135.0,98496.0,4985.84908294
1732233600,2024-11-22,98496.0,99650.0,97218.3,99000.0,3342.09282648
1732320000,2024-11-23,99000.0,99000.0,97219.2,97759.1,1822.84995162
1732406400,2024-11-24,97759.1,98607.4,95751.2,97994.1,1713.90019572
1732492800,2024-11-25,97994.1,98880.0,92550.0,93000.0,4287.35322125
1732579200,2024-11-26,93000.1,94995.0,90736.0,91914.5,3988.70968177
1732665600,2024-11-27,91914.6,97387.9,91818.3,95952.9,3676.00390362
1732752000,2024-11-28,95946.8,96652.0,94653.6,95637.8,1141.15914588
1732838400,2024-11-29,95637.8,98670.1,95385.7,97478.7,2810.05076582
1732924800,2024-11-30,97478.7,97491.2,96185.0,96456.2,724.35102600
1733011200,2024-12-01,96456.3,97850.0,95754.4,97244.6,790.57085383
1733097600,2024-12-02,97245.0,98135.3,94450.0,95853.3,2076.03930234
1733184000,2024-12-03,95853.3,96267.2,93565.1,95917.5,1750.12703242
1733270400,2024-12-04,95917.5,99213.9,94656.9,98757.1,4007.40945935
1733356800,2024-12-05,98757.1,104015.5,91800.0,97087.3,8398.16065969
1733443200,2024-12-06,97087.3,101995.0,96510.3,99872.9,2727.15514037
1733529600,2024-12-07,99873.0,100501.4,99000.0,99899.9,829.88174542
1733616000,2024-12-08,99900.0,101400.0,98699.7,101170.0,1101.24140085
1733702400,2024-12-09,101170.0,101214.3,94140.9,97399.9,2874.85666097
1733788800,2024-12-10,97337.0,98267.9,94314.1,96655.1,2459.10248253
1733875200,2024-12-11,96655.1,101900.0,95754.0,101177.0,2523.39702118
1733961600,2024-12-12,101177.1,102500.0,99296.6,100050.1,1955.43808408
1734048000,2024-12-13,100050.1,101905.2,99250.0,101483.1,1358.12451422
1734134400,2024-12-14,101483.1,102637.2,100666.0,101400.1,926.63654907
1734220800,2024-12-15,101400.1,105000.0,101222.5,104355.2,2036.39517524
1734307200,2024-12-16,104355.3,107777.0,103319.4,106067.2,4525.54878744
1734393600,2024-12-17,106070.2,108297.6,105124.0,106151.9,4684.88958375
1734480000,2024-12-18,106152.0,106489.3,100027.8,100166.1,3014.79303894
1734566400,2024-12-19,100166.1,102750.0,95586.4,97431.4,3582.99338433
1734652800,2024-12-20,97431.5,98064.7,92159.0,97781.8,3145.57762405
1734739200,2024-12-21,97781.8,99575.4,96359.8,97232.6,1158.06359574
1734825600,2024-12-22,97232.7,97321.3,94201.1,95101.9,843.50640738
1734912000,2024-12-23,95101.9,96403.0,92417.0,94699.4,1608.13292536
1734998400,2024-12-24,94699.4,99400.0,93500.0,98647.2,1533.79982235
1735084800,2024-12-25,98647.2,99411.6,97600.0,99310.8,681.61047112
1735171200,2024-12-26,99328.2,99821.8,95139.1,95645.0,1286.63045412
1735257600,2024-12-27,95660.9,97308.6,93300.0,94148.9,1781.17817466
1735344000,2024-12-28,94147.6,95497.0,94033.5,95204.1,447.87195123
1735430400,2024-12-29,95204.1,95204.1,92860.7,93551.0,698.54712674
1735516800,2024-12-30,93551.0,94858.7,91256.6,92611.3,2168.29172819
1735603200,2024-12-31,92611.3,96040.0,91934.1,93370.9,1697.95041413
1735689600,2025-01-01,93370.8,94888.0,92588.1,94380.8,576.16221881
1735776000,2025-01-02,94380.9,97719.9,94167.2,96805.2,1727.87834504
1735862400,2025-01-03,96805.3,98888.0,96034.1,98111.1,1520.22829624
1735948800,2025-01-04,98111.1,98714.8,97548.4,98208.9,630.75266227
1736035200,2025-01-05,98208.9,98750.0,97250.0,98306.2,437.30434173
1736121600,2025-01-06,98306.3,102479.6,97974.0,102222.0,2276.11065977
1736208000,2025-01-07,102222.0,102759.3,96100.0,96932.2,2322.87122789
1736294400,2025-01-08,96932.2,97232.8,92501.0,95060.4,2675.62697608
1736380800,2025-01-09,95060.1,95251.1,91168.5,92531.7,2567.92194993
1736467200,2025-01-10,92523.5,95771.2,92200.0,94698.8,2409.34482421
1736553600,2025-01-11,94698.9,94986.6,93865.0,94562.1,315.42363614
1736640000,2025-01-12,94562.1,95300.0,93652.2,94449.9,432.71136580
1736726400,2025-01-13,94450.0,95808.2,89005.8,94487.1,3303.02566784
1736812800,2025-01-14,94487.1,97302.9,94313.0,96560.1,1407.26000359
1736899200,2025-01-15,96560.1,100731.7,96500.0,100496.4,2160.29010015
1736985600,2025-01-16,100496.5,100700.0,97333.0,99976.7,1764.68463636
1737072000,2025-01-17,99976.7,105883.0,99952.8,104089.8,3507.92883752
1737158400,2025-01-18,104089.8,104907.3,102222.0,104382.0,1776.25333653
1737244800,2025-01-19,104382.0,106246.6,99538.2,101191.1,4231.21213917
1737331200,2025-01-20,101191.0,109112.0,99500.0,102162.8,6144.71011387
1737417600,2025-01-21,102142.1,107200.0,100114.2,106162.8,2766.17867975
1737504000,2025-01-22,106162.8,106293.4,103271.3,103648.5,1391.42072629
1737590400,2025-01-23,103648.6,106833.2,101281.7,103920.2,4692.19078465
1737676800,2025-01-24,103920.2,107080.6,102800.0,104840.4,1795.72253619
1737763200,2025-01-25,104840.4,105194.1,104250.0,104705.2,643.54540419
1737849600,2025-01-26,104705.3,105380.0,102544.1,102596.5,949.06481010
1737936000,2025-01-27,102596.5,103200.0,97688.7,102133.3,3883.43048284
1738022400,2025-01-28,102133.3,103728.0,100200.0,101299.8,1817.06633000
1738108800,2025-01-29,101299.9,104749.1,101277.6,103708.0,2068.76411452
1738195200,2025-01-30,103708.1,106414.4,103252.5,104750.1,2010.23973624
1738281600,2025-01-31,104750.1,106000.0,101500.0,102406.0,1755.91946054
1738368000,2025-02-01,102406.0,102748.6,100147.0,100624.2,1188.38891180
1738454400,2025-02-02,100624.3,101415.5,96100.0,97696.1,2816.31259953
1738540800,2025-02-03,97696.0,102500.0,91000.0,101425.1,5541.67940806
1738627200,2025-02-04,101425.1,101721.9,96250.0,97868.5,3162.38590831
1738713600,2025-02-05,97868.4,99125.0,96191.0,96623.8,1343.73465352
1738800000,2025-02-06,96613.4,99100.0,95700.0,96559.2,2017.20689834
1738886400,2025-02-07,96558.5,100181.7,95634.1,96547.5,1926.56834175
1738972800,2025-02-08,96547.5,96860.1,95656.9,96496.5,383.81280043
1739059200,2025-02-09,96496.5,97291.2,94763.1,96473.0,702.74391142
1739145600,2025-02-10,96473.0,98300.0,95326.7,97441.2,1163.37216215
1739232000,2025-02-11,97441.2,98442.3,94899.2,95767.1,1329.40106338
1739318400,2025-02-12,95767.1,98042.8,94111.0,97874.0,1463.18182995
1739404800,2025-02-13,97874.0,98077.1,95273.7,96628.0,1291.44841164
1739491200,2025-02-14,96628.0,98826.0,96340.7,97464.0,1523.91696415
1739577600,2025-02-15,97464.0,97902.0,97279.3,97588.2,375.80330877
1739664000,2025-02-16,97588.2,97700.0,96112.6,96144.1,311.46490458
1739750400,2025-02-17,96144.1,97032.6,95224.7,95772.8,1005.28486366
1739836800,2025-02-18,95772.8,96650.9,93388.7,95600.0,1472.41908125
1739923200,2025-02-19,95600.0,96875.0,94996.8,96625.7,1116.70166311
1740009600,2025-02-20,96625.7,98744.0,96405.7,98339.1,1280.02593709
1740096000,2025-02-21,98339.1,99481.1,94858.0,96099.5,2181.18505022
1740182400,2025-02-22,96099.5,96900.0,95791.3,96600.1,484.13874675
1740268800,2025-02-23,96600.1,96621.6,95300.0,96303.4,359.68758804
1740355200,2025-02-24,96303.4,96483.0,91400.0,91534.4,2273.50832688
1740441600,2025-02-25,91534.4,92487.3,86000.0,88632.6,5210.26309616
1740528000,2025-02-26,88632.6,89271.0,80525.0,84089.8,5878.70103157
1740614400,2025-02-27,84089.9,86951.2,82611.0,84691.4,2506.41796058
1740700800,2025-02-28,84668.4,85061.0,78219.0,84309.2,4498.77887051
1740787200,2025-03-01,84309.2,86515.9,83799.3,86020.8,1112.34047277
1740873600,2025-03-02,86020.8,95000.0,84500.1,94285.0,5152.53589430
1740960000,2025-03-03,94285.0,94401.6,85055.0,86144.7,5136.27936399
1741046400,2025-03-04,86144.7,88888.0,81434.5,87250.0,4690.09095506
1741132800,2025-03-05,87250.0,90975.1,86378.4,90610.4,3795.41190016
1741219200,2025-03-06,90610.4,92741.5,87836.3,89916.8,2992.56395797
1741305600,2025-03-07,89925.3,91227.4,84665.7,86762.3,4534.10086304
1741392000,2025-03-08,86762.3,86809.4,85230.0,86164.1,816.51310316
1741478400,2025-03-09,86164.1,86435.2,80006.7,80684.0,2019.63804496
1741564800,2025-03-10,80709.9,83971.5,77414.3,78558.8,3411.34413240
1741651200,2025-03-11,78558.9,83607.9,76615.7,82900.0,3925.04144014
1741737600,2025-03-12,82900.0,84482.0,80628.9,83673.4,2515.76502183
1741824000,2025-03-13,83673.4,84282.4,79930.7,81112.3,1998.70930581
1741910400,2025-03-14,81112.3,85278.7,80847.2,83997.6,2075.86273147
1741996800,2025-03-15,83997.7,84659.4,83666.9,84332.9,584.76838101
1742083200,2025-03-16,84333.0,85021.0,82009.8,82599.9,842.27980256
1742169600,2025-03-17,82600.0,84700.0,82500.0,84015.2,1262.16112303
1742256000,2025-03-18,84015.2,84015.2,81166.0,82705.4,1526.03270747
1742342400,2025-03-19,82705.4,87000.0,82553.3,86879.5,2673.46536757
1742428800,2025-03-20,86879.6,87433.9,83609.1,84178.6,2156.72058329
1742515200,2025-03-21,84178.6,84771.3,83179.3,84034.3,1018.69958284
1742601600,2025-03-22,84034.3,84450.0,83667.4,83800.0,440.24781187
1742688000,2025-03-23,83800.0,86100.0,83799.9,86076.5,588.42498116
1742774400,2025-03-24,86076.5,88750.0,85558.1,87505.3,2187.05354124
1742860800,2025-03-25,87511.9,88500.0,86306.7,87458.1,1275.81713678
1742947200,2025-03-26,87458.1,88263.0,85853.7,86899.0,1808.20481963
1743033600,2025-03-27,86899.0,87755.8,85838.9,87209.9,1018.98407902
1743120000,2025-03-28,87209.9,87441.7,83530.1,84373.9,2052.98377273
1743206400,2025-03-29,84373.9,84559.8,81655.0,82613.8,1157.08426174
1743292800,2025-03-30,82613.8,83500.0,81588.7,82325.4,916.37403895
1743379200,2025-03-31,82325.4,83870.8,81270.3,82523.0,1694.68667333
1743465600,2025-04-01,82523.0,85500.0,82415.9,85201.1,1757.72329983
1743552000,2025-04-02,85201.2,89042.7,82141.5,82508.1,3582.61285579
1743638400,2025-04-03,82508.1,83911.0,81177.7,83132.9,1942.46384857
1743724800,2025-04-04,83133.0,84709.7,81657.9,83840.8,1986.99314277
1743811200,2025-04-05,83840.8,84200.0,82400.0,83508.9,660.17840044
1743897600,2025-04-06,83508.9,83680.0,77057.7,78363.4,3692.97635392
1743984000,2025-04-07,78364.8,81323.6,74409.1,79130.1,5198.34711859
1744070400,2025-04-08,79130.1,80800.0,76164.6,76276.5,2455.53545248
1744156800,2025-04-09,76276.5,83548.9,74572.5,82556.3,5271.68867973
1744243200,2025-04-10,82556.3,82676.5,78451.2,79552.1,2270.09893668
1744329600,2025-04-11,79552.1,84261.7,78914.7,83420.1,3024.32123334
1744416000,2025-04-12,83420.1,85850.9,82750.0,85284.1,1932.99267705
1744502400,2025-04-13,85284.1,86037.9,83025.5,83719.0,1742.34127120
1744588800,2025-04-14,83719.8,85792.1,83708.2,84530.7,2420.34075325
1744675200,2025-04-15,84530.7,86401.0,83600.0,83633.5,1433.04466000
1744761600,2025-04-16,83633.5,85419.7,83146.0,84023.8,1861.93037475
1744848000,2025-04-17,84027.5,85444.0,83777.2,84910.1,931.39734032
1744934400,2025-04-18,84910.1,85087.9,84295.4,84472.5,450.65472146
1745020800,2025-04-19,84472.5,85611.7,84384.6,85121.3,405.53513245
1745107200,2025-04-20,85121.3,85309.2,84007.4,85150.1,517.72668291
1745193600,2025-04-21,85150.0,88490.0,85150.0,87500.6,1901.27490018
1745280000,2025-04-22,87500.7,93888.0,87100.0,93472.0,2972.04826005
1745366400,2025-04-23,93472.0,94635.1,91949.5,93677.0,2009.60322068
1745452800,2025-04-24,93677.0,94000.0,91711.0,93999.9,1079.24734065
1745539200,2025-04-25,94000.0,95837.7,92900.0,94717.1,2253.19370406
1745625600,2025-04-26,94717.2,95189.5,93907.5,94663.5,499.11003555
1745712000,2025-04-27,94663.5,95348.5,93621.5,93817.0,532.00913019
1745798400,2025-04-28,93817.0,95600.0,92900.0,94998.1,1257.55300882
1745884800,2025-04-29,94998.1,95469.2,93809.5,94269.6,1566.10548205
1745971200,2025-04-30,94269.7,95195.0,92970.5,94205.4,1082.84442265
1746057600,2025-05-01,94205.4,97407.8,94148.3,96469.9,1646.02664605
1746144000,2025-05-02,96469.9,97885.0,96386.7,96920.7,1190.74799924
1746230400,2025-05-03,96920.7,96922.3,95785.9,95869.9,632.75891805
1746316800,2025-05-04,95869.9,96298.0,94153.2,94303.1,754.03636157
1746403200,2025-05-05,94303.1,95173.9,93570.1,94727.0,1059.28534793
1746489600,2025-05-06,94727.0,96877.8,93398.5,96816.7,1231.56700197
1746576000,2025-05-07,96816.7,97650.0,95824.0,97031.4,1362.55596122
1746662400,2025-05-08,97031.4,104082.5,96874.9,103228.0,2992.17010376
1746748800,2025-05-09,103228.0,104319.1,102344.7,102976.9,1329.71839936
1746835200,2025-05-10,102977.0,104943.7,102833.3,104800.0,696.03309136
1746921600,2025-05-11,104799.9,104919.7,103326.8,104119.0,779.51384444
1747008000,2025-05-12,104119.0,105728.8,100772.6,102825.0,1868.93678433
1747094400,2025-05-13,102825.1,104980.0,101525.1,104156.7,1104.39123118
1747180800,2025-05-14,104156.8,104280.1,102591.5,103589.7,1023.73775034
1747267200,2025-05-15,103589.7,104123.0,101441.6,103761.7,982.20702525
1747353600,2025-05-16,103761.7,104500.0,103130.0,103500.1,933.96180688
1747440000,2025-05-17,103500.1,103697.1,102690.0,103169.1,407.46473368
1747526400,2025-05-18,103169.1,106631.8,103148.2,106525.6,1948.96356360
1747612800,2025-05-19,106525.6,107042.1,102100.0,105637.7,2055.76779214
1747699200,2025-05-20,105637.7,107262.6,104269.0,106855.6,1713.73055867
1747785600,2025-05-21,106855.6,110698.0,106155.0,109675.1,3333.80572063
1747872000,2025-05-22,109675.1,111983.2,109287.2,111711.1,2139.00157259
1747958400,2025-05-23,111711.1,111785.3,106824.0,107333.5,2574.58399048
1748044800,2025-05-24,107333.5,109503.4,106905.8,107824.2,519.31653454
1748131200,2025-05-25,107824.2,109300.5,106672.9,109040.4,625.52457767
1748217600,2025-05-26,109040.4,110352.0,108780.0,109468.6,988.86666387
1748304000,2025-05-27,109468.6,110742.6,107600.0,109004.9,1023.08446766
1748390400,2025-05-28,109004.9,109250.0,106805.1,107811.7,958.88789718
1748476800,2025-05-29,107811.7,108888.0,105348.4,105632.4,1219.04523124
1748563200,2025-05-30,105632.5,106333.8,103641.3,104019.7,1368.35162927
1748649600,2025-05-31,104019.7,104933.2,103169.0,104662.0,513.90701088
1748736000,2025-06-01,104662.0,105879.7,103850.0,105712.4,576.91217477
1748822400,2025-06-02,105712.4,105927.2,103737.7,105920.3,948.96006617
1748908800,2025-06-03,105920.4,106820.0,104984.1,105446.0,774.51639796
1748995200,2025-06-04,105446.0,106000.0,104279.0,104745.4,613.15079450
1749081600,2025-06-05,104745.4,105948.1,100400.0,101579.7,1744.40004480
1749168000,2025-06-06,101579.7,105360.1,101211.5,104376.0,877.21259649
1749254400,2025-06-07,104376.0,105929.0,104000.1,105654.5,492.00974469
1749340800,2025-06-08,105654.6,106477.0,105082.3,105754.2,568.50781065
1749427200,2025-06-09,105754.2,110550.0,105392.3,110280.0,1264.78416755
1749513600,2025-06-10,110280.0,110373.0,108342.2,110273.6,1180.06772837
1749600000,2025-06-11,110273.6,110411.0,108139.5,108702.0,810.07191598
1749686400,2025-06-12,108701.9,108790.2,105760.0,105760.1,1512.14504927
1749772800,2025-06-13,105760.1,106137.5,102812.3,106122.3,2109.12032495
1749859200,2025-06-14,106122.3,106172.3,104400.0,105479.4,392.68291073
1749945600,2025-06-15,105479.4,106090.0,104529.0,105581.4,334.89355425
1750032000,2025-06-16,105581.5,108924.6,105019.3,106800.1,1209.96185990
1750118400,2025-06-17,106800.1,107725.1,103400.0,104622.4,1348.24204708
1750204800,2025-06-18,104622.5,105529.9,103567.6,104892.0,808.40984268
1750291200,2025-06-19,104891.9,105226.5,103931.6,104675.2,1124.90399547
1750377600,2025-06-20,104675.2,106470.0,102388.9,103292.0,1051.84794845
1750464000,2025-06-21,103300.0,103995.5,100933.5,102144.0,938.91408133
1750550400,2025-06-22,102153.0,103380.5,98277.2,100987.9,2331.29507485
1750636800,2025-06-23,100987.9,106022.4,99700.0,105382.0,2634.94718822
1750723200,2025-06-24,105382.1,106309.1,104777.0,106100.0,1570.51099254
1750809600,2025-06-25,106100.0,108165.5,105888.2,107360.0,1754.36948813
1750896000,2025-06-26,107360.0,108289.0,106677.4,106945.0,853.71800679
1750982400,2025-06-27,106945.1,107712.1,106477.2,107115.4,641.63539679
1751068800,2025-06-28,107115.4,107544.2,106918.4,107325.1,426.13417634
1751155200,2025-06-29,107325.1,108460.7,107228.2,108387.2,500.30910662
1751241600,2025-06-30,108387.3,108792.0,106800.0,107120.3,1284.90327778
1751328000,2025-07-01,107120.3,107540.2,105312.0,105700.1,1563.00869422
1751414400,2025-07-02,105700.1,109794.7,105116.4,108846.9,1536.06930747
1751500800,2025-07-03,108846.9,110547.2,108600.0,109631.0,1217.20713722
1751587200,2025-07-04,109631.0,109746.6,107299.9,108018.9,767.00000078
1751673600,2025-07-05,108018.9,108379.0,107829.7,108249.5,162.62986088
1751760000,2025-07-06,108249.5,109650.0,107825.2,109223.2,429.83917537
1751846400,2025-07-07,109223.2,109700.0,107520.3,108282.1,700.49319689
1751932800,2025-07-08,108282.1,109199.3,107500.0,108931.9,644.78003062
1752019200,2025-07-09,108932.0,112000.0,108375.3,111323.7,1496.22692802
1752105600,2025-07-10,111323.7,116800.0,110600.0,115990.2,2132.21885030
1752192000,2025-07-11,115990.2,118818.4,115212.5,117532.6,1812.50787842
1752278400,2025-07-12,117532.6,118235.6,116977.1,117461.0,511.21582262
1752364800,2025-07-13,117461.0,119499.0,117277.3,119102.1,881.15155301
1752451200,2025-07-14,119102.2,123140.0,118961.2,119855.0,2308.79159766
1752537600,2025-07-15,119855.0,119900.0,115712.2,117741.0,2166.68674700
1752624000,2025-07-16,117741.0,120049.5,117094.0,118712.6,1159.57587636
1752710400,2025-07-17,118712.6,120999.6,117527.0,119321.0,1135.01654311
1752796800,2025-07-18,119321.0,120833.7,116929.6,118011.9,1203.98745899
1752883200,2025-07-19,118011.9,118550.0,117382.5,117909.1,310.77654865
1752969600,2025-07-20,117909.1,118867.0,116600.0,117319.1,583.19439300
1753056000,2025-07-21,117319.0,119630.4,116623.7,117461.0,1065.22315704
1753142400,2025-07-22,117461.0,120237.5,116260.0,119977.5,1256.61089025
1753228800,2025-07-23,119977.5,120100.0,117411.0,118735.3,1088.89687083
1753315200,2025-07-24,118735.3,119489.8,117316.0,118386.9,946.99617232
1753401600,2025-07-25,118387.5,118452.0,114733.1,117628.1,1610.09496959
1753488000,2025-07-26,117628.1,118276.6,117197.6,117937.5,458.69314606
1753574400,2025-07-27,117937.6,119793.4,117863.8,119455.0,543.22792339
1753660800,2025-07-28,119455.1,119779.9,117425.9,117979.7,842.48589207
1753747200,2025-07-29,117979.7,119200.0,117000.0,117923.0,892.95161110
1753833600,2025-07-30,117916.9,118749.4,115800.0,117820.7,1013.24696846
1753920000,2025-07-31,117820.7,118918.9,115500.0,115762.3,1086.55871649
1754006400,2025-08-01,115762.4,116000.0,112688.1,113290.2,1962.10678600
1754092800,2025-08-02,113290.1,114008.2,112000.0,112525.2,897.37152839
1754179200,2025-08-03,112525.2,114742.9,111897.1,114224.1,584.59505722
1754265600,2025-08-04,114224.1,115700.0,114137.1,115092.1,916.35580203
1754352000,2025-08-05,115092.1,115092.1,112629.7,114115.0,839.84002204
1754438400,2025-08-06,114115.0,115713.6,113400.0,115010.0,745.22602982
1754524800,2025-08-07,115010.0,117643.3,114280.0,117498.1,968.96659582
1754611200,2025-08-08,117498.1,117663.0,115946.0,116676.0,639.05095743
1754697600,2025-08-09,116676.0,117869.4,116282.1,116467.4,698.46357348
1754784000,2025-08-10,116467.4,119288.4,116467.3,119288.4,1143.03812644
1754870400,2025-08-11,119288.4,122273.5,118100.0,118724.5,2083.44714105
1754956800,2025-08-12,118724.5,120303.2,118255.0,120172.0,1114.87548358
1755043200,2025-08-13,120172.1,123724.7,118918.3,123354.3,2664.42357041
1755129600,2025-08-14,123354.3,124420.0,117250.0,118383.1,3457.59102418
1755216000,2025-08-15,118383.1,119312.7,116560.9,117426.7,1280.98937196
1755302400,2025-08-16,117426.7,117947.4,117284.0,117487.5,325.52589508
1755388800,2025-08-17,117487.5,118550.2,117295.3,117441.3,441.38200244
1755475200,2025-08-18,117441.3,117593.3,114715.9,116260.0,1270.68039197
1755561600,2025-08-19,116259.9,116766.0,112750.0,112830.3,1574.02335208
1755648000,2025-08-20,112830.4,114612.1,112400.0,114262.7,1251.42753344
1755734400,2025-08-21,114273.8,114738.6,112036.0,112462.5,767.13809096
1755820800,2025-08-22,112475.0,117354.0,111676.0,116817.9,1700.58599553
1755907200,2025-08-23,116817.9,116975.0,114551.1,115344.1,684.74320783
1755993600,2025-08-24,115344.1,115530.9,110692.2,113456.1,1245.12925903
1756080000,2025-08-25,113456.1,113619.8,109304.8,110144.9,2518.48438133
1756166400,2025-08-26,110145.0,112395.6,108734.6,111829.3,1340.09425419
1756252800,2025-08-27,111829.3,112603.4,110434.3,111268.6,1107.07602036
1756339200,2025-08-28,111268.6,113457.9,110902.6,112563.7,1322.35665031
1756425600,2025-08-29,112563.7,112570.0,107505.0,108400.1,1709.81321643
1756512000,2025-08-30,108400.1,108926.8,107352.6,108750.0,819.57478239
1756598400,2025-08-31,108750.0,109490.8,108113.5,108250.0,668.71621126
1756684800,2025-09-01,108250.1,109813.2,107255.0,109263.5,1327.31244841
1756771200,2025-09-02,109258.5,111737.8,108457.0,111196.9,1796.73871506
1756857600,2025-09-03,111196.9,112537.6,110600.0,111771.1,1459.83901213
1756944000,2025-09-04,111771.1,112193.7,109369.8,110744.3,1058.26938089
1757030400,2025-09-05,110744.4,113372.1,110231.4,110647.8,1534.28592621
1757116800,2025-09-06,110647.8,111243.0,110036.7,110254.9,278.56738600
1757203200,2025-09-07,110254.9,111526.8,110239.0,111152.8,343.94637098
1757289600,2025-09-08,111152.8,112864.4,110667.7,112050.1,896.74722811
1757376000,2025-09-09,112050.1,113200.0,110815.3,111541.0,1503.08477297
1757462400,2025-09-10,111541.0,114300.0,110934.0,113952.8,2308.60066981
1757548800,2025-09-11,113952.8,115500.0,113400.0,115500.0,1616.99923963
1757635200,2025-09-12,115500.0,116743.3,114813.3,116111.7,1729.63497907
1757721600,2025-09-13,116111.7,116350.8,115251.1,115949.1,764.35719246
1757808000,2025-09-14,115949.1,116149.9,115238.9,115390.6,527.96758749
1757894400,2025-09-15,115390.6,116700.0,114158.2,115374.9,1347.05158134
1757980800,2025-09-16,115375.0,116961.3,114800.0,116764.2,1041.15556181
1758067200,2025-09-17,116764.2,117291.9,114799.9,116469.0,1663.59699611
1758153600,2025-09-18,116469.1,117920.0,116201.1,117135.7,1527.81928211
1758240000,2025-09-19,117135.8,117441.2,115180.4,115677.2,731.02207630
1758326400,2025-09-20,115677.2,116176.8,115511.0,115739.1,198.73713023
1758412800,2025-09-21,115739.1,115874.6,115259.4,115298.9,339.56591394
1758499200,2025-09-22,115299.0,115410.0,111730.3,112747.8,1845.89416390
1758585600,2025-09-23,112747.8,113318.9,111557.0,112001.5,1221.74758455
1758672000,2025-09-24,112001.5,113954.3,111111.0,113300.0,1184.72036540
1758758400,2025-09-25,113300.0,113500.0,108680.5,109049.8,2101.93860055
1758844800,2025-09-26,109049.8,110354.8,108677.5,109706.3,1454.36483037
1758931200,2025-09-27,109706.4,109760.5,109177.6,109720.5,210.26162005
1759017600,2025-09-28,109720.5,112367.8,109225.4,112127.8,610.65036389
1759104000,2025-09-29,112127.8,114413.4,111628.0,114365.2,994.12194934
1759190400,2025-09-30,114365.3,114798.0,112764.3,113995.0,1135.44627222
1759276800,2025-10-01,113995.0,118708.6,113971.1,118599.9,1533.21740736
1759363200,2025-10-02,118600.0,121008.9,118344.4,120649.9,1979.77341960
1759449600,2025-10-03,120650.0,123930.9,119350.0,122259.5,2007.82821478
1759536000,2025-10-04,122259.5,122843.7,121620.0,122426.4,641.28281174
1759622400,2025-10-05,122426.4,125670.0,122250.0,123542.1,1545.18801848
1759708800,2025-10-06,123542.1,126198.1,123144.1,124766.5,2341.31910603
1759795200,2025-10-07,124765.9,125207.2,120694.6,121419.8,2070.45487331
1759881600,2025-10-08,121419.8,124150.0,121104.2,123329.7,1020.41603294
1759968000,2025-10-09,123329.8,123750.9,119750.0,121699.0,1924.89637846
1760054400,2025-10-10,121699.0,122498.0,100000.0,113000.1,5796.16318469
1760140800,2025-10-11,113000.0,113423.0,109760.0,110775.1,2186.21310184
1760227200,2025-10-12,110775.2,115780.0,109694.9,115125.3,1868.03446925
1760313600,2025-10-13,115125.3,115977.7,113705.8,115165.5,1579.52366955
1760400000,2025-10-14,115176.9,115457.2,110000.0,113106.2,2781.92775819
1760486400,2025-10-15,113106.3,113600.0,110252.0,110781.9,1561.98170243
1760572800,2025-10-16,110781.9,111950.0,107483.0,108182.3,2981.42761229
1760659200,2025-10-17,108182.3,109245.0,103583.2,106451.0,3500.65355169
1760745600,2025-10-18,106451.0,107492.6,106365.2,107199.0,667.21371697
1760832000,2025-10-19,107199.0,109444.0,106125.2,108669.8,1094.24797232
1760918400,2025-10-20,108669.8,111700.1,107466.8,110574.4,2444.93609142
1761004800,2025-10-21,110574.4,114000.0,107500.0,108406.1,2574.39483883
1761091200,2025-10-22,108406.1,109156.4,106717.0,107644.1,2289.04304972
1761177600,2025-10-23,107644.1,111296.0,107556.3,110080.0,1567.70405963
1761264000,2025-10-24,110080.0,112400.0,109757.8,111000.0,1671.40522006
1761350400,2025-10-25,111000.0,111925.9,110700.0,111645.2,592.60922744
1761436800,2025-10-26,111645.2,115400.0,111274.3,114509.9,1123.19813736
1761523200,2025-10-27,114510.0,116309.8,113801.4,114153.0,1240.02265074
1761609600,2025-10-28,114153.1,116023.4,112278.2,112918.0,1429.37148677
1761696000,2025-10-29,112918.0,113601.0,109251.0,110104.2,2290.14839646
1761782400,2025-10-30,110104.2,111561.5,106280.5,108302.7,2746.36016547
1761868800,2025-10-31,108302.7,111000.0,108302.6,109552.7,1397.85674081
1761955200,2025-11-01,109552.7,110421.0,109370.0,110018.0,493.03956937
1762041600,2025-11-02,110018.0,111058.9,109428.7,110589.6,1606.34489563
1762128000,2025-11-03,110589.6,110699.6,105200.2,106538.3,3041.49432533
1762214400,2025-11-04,106538.3,107258.7,98900.0,101537.3,4042.67872336
1762300800,2025-11-05,101537.2,104499.9,98943.9,103900.0,2345.09075062
1762387200,2025-11-06,103900.0,104115.9,100266.0,101290.1,1620.67070443
1762473600,2025-11-07,101290.1,103995.0,99222.0,103279.9,4524.16031077
1762560000,2025-11-08,103279.9,103320.0,101489.9,102282.1,689.53268630
1762646400,2025-11-09,102282.1,105431.9,101430.0,104729.8,1150.90927058
1762732800,2025-11-10,104729.9,106593.5,104300.0,105973.3,1420.28427243
1762819200,2025-11-11,105973.3,107400.0,102469.8,103011.5,1263.88999948
1762905600,2025-11-12,103011.5,105274.0,100796.0,101666.6,1526.21906105
1762992000,2025-11-13,101666.7,103999.0,98000.0,99680.1,2416.14865760
1763078400,2025-11-14,99680.1,99806.9,94000.0,94517.3,3754.76439230
1763164800,2025-11-15,94500.1,96700.0,94478.5,95537.9,1370.48193522
1763251200,2025-11-16,95538.0,96498.8,92890.6,94190.1,1369.02836588
1763337600,2025-11-17,94190.1,95888.0,91150.0,92101.3,3115.70911020
1763424000,2025-11-18,92101.3,93747.3,89251.9,92966.1,2990.39820727
1763510400,2025-11-19,92966.1,92966.1,88547.0,91427.7,3784.02281506
1763596800,2025-11-20,91427.7,93003.7,86000.0,86503.0,5152.09873658
1763683200,2025-11-21,86503.0,87331.7,80595.2,85069.4,6608.84974064
1763769600,2025-11-22,85069.4,85555.0,83432.8,84679.9,1599.92840458
1763856000,2025-11-23,84679.9,88061.8,84679.8,86777.4,2076.34614304
1763942400,2025-11-24,86777.5,89200.0,85250.0,88275.0,2265.94813353
1764028800,2025-11-25,88275.0,88432.1,86100.0,87326.3,1646.42577746
1764115200,2025-11-26,87326.4,90600.0,86299.5,90535.7,2015.49856533
1764201600,2025-11-27,90535.7,91878.9,90088.8,91281.4,1551.69050701
1764288000,2025-11-28,91281.4,93050.0,90250.0,90912.7,1616.69780823
1764374400,2025-11-29,90912.7,91179.5,90247.4,90833.6,377.98142984
1764460800,2025-11-30,90833.6,91928.1,90351.0,90373.9,546.48402173
1764547200,2025-12-01,90373.9,90378.7,83870.8,86300.0,3761.14154886
1764633600,2025-12-02,86300.0,92308.4,86203.8,91313.5,2388.52099006
1764720000,2025-12-03,91313.5,94051.6,91033.4,93457.9,2163.37929928
1764806400,2025-12-04,93458.0,94000.0,90924.8,92142.6,1479.64182353
1764892800,2025-12-05,92142.6,92679.3,88095.2,89332.4,1629.54516777
1764979200,2025-12-06,89332.4,90274.4,88999.9,89240.1,536.16129640
1765065600,2025-12-07,89240.1,91713.7,87777.0,90435.1,894.06391491
1765152000,2025-12-08,90435.1,92269.6,89615.8,90650.1,1726.41292912
1765238400,2025-12-09,90650.1,94583.7,89545.1,92702.2,2110.94087663
1765324800,2025-12-10,92702.2,94489.0,91599.0,92019.8,2098.01694668
1765411200,2025-12-11,92019.8,93561.8,89281.4,92541.0,2303.45862775
1765497600,2025-12-12,92541.0,92751.0,89500.0,90277.2,1638.12524986
1765584000,2025-12-13,90277.2,90629.9,89797.1,90254.1,397.33060557
1765670400,2025-12-14,90254.2,90467.7,87582.5,88163.0,1251.18023926
1765756800,2025-12-15,88163.0,90038.8,85151.5,86434.3,2526.05948530
1765843200,2025-12-16,86434.3,88121.3,85263.6,87840.7,2424.78911040
1765929600,2025-12-17,87840.7,90318.3,85282.2,86207.8,3098.54777664
1766016000,2025-12-18,86205.5,89437.1,84421.4,85462.5,3072.28769820
1766102400,2025-12-19,85461.0,89335.0,85077.0,88105.2,2580.22787773
1766188800,2025-12-20,88105.2,88513.3,87800.0,88338.1,589.89326073
1766275200,2025-12-21,88338.1,89013.9,87601.8,88622.2,783.03583975
1766361600,2025-12-22,88623.7,90552.6,87863.6,88544.2,2230.94698942
1766448000,2025-12-23,88550.5,88888.8,86553.3,87416.4,1607.29163674
1766534400,2025-12-24,87416.4,87973.3,86271.4,87613.7,1468.66888146
1766620800,2025-12-25,87613.7,88547.9,86944.9,87198.0,574.28492676
1766707200,2025-12-26,87183.0,89484.6,86611.7,87303.6,1634.02144466
1766793600,2025-12-27,87303.6,87913.3,87177.5,87802.6,416.75063851
1766880000,2025-12-28,87814.4,87998.9,87364.3,87853.3,659.23011207
1766966400,2025-12-29,87865.9,90298.9,86700.0,87135.1,2800.12927258
1767052800,2025-12-30,87135.1,89298.0,86736.5,88401.9,1179.54982826
1767139200,2025-12-31,88400.1,89067.4,87101.5,87500.1,1496.30460630
1767225600,2026-01-01,87500.2,88779.3,87400.0,88731.8,1157.56340883
1767312000,2026-01-02,88730.0,90900.0,88273.3,89934.0,1901.88268120
1767398400,2026-01-03,89934.0,90677.5,89300.0,90590.1,1113.01038596
1767484800,2026-01-04,90590.1,91768.3,90590.0,91507.0,843.08377896
1767571200,2026-01-05,91507.0,94783.9,91489.5,93866.9,2070.65294098
1767657600,2026-01-06,93866.9,94401.8,91230.8,93711.8,1922.19143894
1767744000,2026-01-07,93711.8,93712.5,90591.9,91273.3,1459.64933288
1767830400,2026-01-08,91273.3,91584.7,89225.0,91029.1,1420.71893835
1767916800,2026-01-09,91029.1,91955.9,89603.4,90513.2,1421.78018190
1768003200,2026-01-10,90513.3,90699.7,90285.2,90375.2,321.48562471
1768089600,2026-01-11,90375.2,91132.3,90100.0,90849.8,530.87904628
1768176000,2026-01-12,90861.1,92364.1,89995.2,91190.9,2284.21126004
1768262400,2026-01-13,91191.0,96476.1,90938.2,95358.1,2717.43674662
1768348800,2026-01-14,95358.2,97899.7,94509.0,96933.3,3358.96494088
1768435200,2026-01-15,96933.4,97151.1,95101.0,95559.4,1870.71045174
1768521600,2026-01-16,95559.5,95800.0,94260.4,95510.9,1432.87811291
1768608000,2026-01-17,95510.3,95600.0,95002.6,95089.9,334.73351982
1768694400,2026-01-18,95089.9,95480.8,93554.6,93632.6,792.58979663
1768780800,2026-01-19,93626.8,93626.8,91866.0,92546.5,1735.79435983
1768867200,2026-01-20,92546.5,92805.9,87784.4,88309.9,2628.22252262
1768953600,2026-01-21,88309.9,91111.7,87200.0,89372.9,3765.13002971
1769040000,2026-01-22,89372.9,90261.7,88422.6,89454.2,1500.85044825
1769126400,2026-01-23,89454.2,91099.5,88470.9,89495.0,1485.49059313
1769212800,2026-01-24,89495.0,89786.3,89038.1,89079.6,303.01299688
1769299200,2026-01-25,89079.6,89177.0,86007.0,86572.3,2608.90318078
1769385600,2026-01-26,86572.3,88747.4,86430.5,88247.4,2077.30597333
1769472000,2026-01-27,88247.4,89436.2,87206.2,89124.1,1473.55500300
1769558400,2026-01-28,89124.1,90438.3,88719.2,89159.6,1530.59557618
1769644800,2026-01-29,89159.7,89202.7,83220.3,84515.1,3560.06626516
1769731200,2026-01-30,84515.1,84596.4,81000.1,84124.7,3530.88387558
1769817600,2026-01-31,84124.7,84124.7,75600.0,78648.4,5384.83063733
1769904000,2026-02-01,78648.4,79315.2,75665.8,76882.2,3709.28873436
1769990400,2026-02-02,76892.4,79250.0,74543.0,78669.2,3577.16204272
1770076800,2026-02-03,78669.2,79120.2,72865.2,75662.0,6511.58528902
1770163200,2026-02-04,75662.0,76866.2,71722.0,73013.6,5077.17894660
1770249600,2026-02-05,73008.9,73156.8,62308.2,62858.1,12178.16328649
1770336000,2026-02-06,62858.0,71695.7,60500.0,70527.4,7947.79594576
1770422400,2026-02-07,70527.4,71631.2,67343.8,69268.8,3089.77802979
1770508800,2026-02-08,69249.9,72256.1,68855.4,70305.0,1952.32923557
1770595200,2026-02-09,70300.5,71369.9,68242.5,70087.2,3069.03393327
1770681600,2026-02-10,70103.9,70468.6,67875.1,68785.5,2629.71508706
1770768000,2026-02-11,68796.3,69228.6,65727.7,67052.3,3232.30919447
1770854400,2026-02-12,67039.6,68353.3,65072.2,66203.8,3093.30565991
1770940800,2026-02-13,66208.5,69437.4,65825.8,68837.0,2236.61754178
1771027200,2026-02-14,68820.1,70540.0,68709.7,69758.4,2083.68571457
1771113600,2026-02-15,69777.8,70935.2,68049.8,68780.0,1337.85598017
1771200000,2026-02-16,68780.0,70073.2,67271.1,68860.0,1823.85056830
1771286400,2026-02-17,68860.0,69191.0,66592.4,67475.4,2425.06462747
1771372800,2026-02-18,67475.4,68418.9,65838.5,66425.7,2104.36130640
1771459200,2026-02-19,66425.7,67296.2,65620.1,66955.3,1822.73964100
1771545600,2026-02-20,66955.3,68266.3,66450.0,67998.2,2693.11013022
1771632000,2026-02-21,67998.2,68678.8,67538.0,67966.6,1234.38506544
1771718400,2026-02-22,67966.7,68214.5,67180.0,67612.1,1136.42486701
1771804800,2026-02-23,67612.1,67653.3,63888.0,64624.1,3467.93376553
1771891200,2026-02-24,64624.1,64971.0,62500.0,64061.9,2664.92969011
1771977600,2026-02-25,64062.0,70000.0,63921.3,67978.6,3343.99123188
1772064000,2026-02-26,67978.6,68855.4,66513.0,67461.5,2028.81096764
1772150400,2026-02-27,67484.2,68202.3,64925.0,65869.7,2390.83995539
1772236800,2026-02-28,65869.7,67725.2,63030.0,66985.6,3124.02919913
1772323200,2026-03-01,66985.7,68181.2,65056.4,65748.8,2173.00247697
1772409600,2026-03-02,65764.3,70100.0,65269.2,68808.4,3242.04604694
1772496000,2026-03-03,68810.8,69236.5,66164.3,68336.7,2941.96133430
1772582400,2026-03-04,68336.7,74062.1,67419.7,72684.8,4884.24293756
1772668800,2026-03-05,72684.8,73585.9,70612.7,70877.4,3526.53835545
1772755200,2026-03-06,70877.4,71386.4,67748.0,68128.0,3227.19805329
1772841600,2026-03-07,68111.4,68541.5,66962.1,67270.1,1278.00093723
1772928000,2026-03-08,67270.1,68177.4,65646.2,65978.7,2434.33204494
1773014400,2026-03-09,65978.7,69513.0,65839.6,68446.9,2268.82364236
1773100800,2026-03-10,68447.0,71781.1,68399.9,69955.4,3264.28910205
1773187200,2026-03-11,69955.4,71345.2,68971.6,70200.4,2574.28260227
1773273600,2026-03-12,70200.4,70787.1,69228.2,70520.8,1860.65379355
1773360000,2026-03-13,70526.3,73928.5,70200.0,70953.0,3864.97387263
1773446400,2026-03-14,70953.1,71300.0,70293.9,71210.6,574.11245902
1773532800,2026-03-15,71210.6,73200.0,70885.7,72835.7,1109.99825898
1773619200,2026-03-16,72826.7,74901.3,72304.0,74887.7,3388.45307847
1773705600,2026-03-17,74887.7,75998.1,73455.9,73929.9,2902.67372253
1773792000,2026-03-18,73930.0,74682.3,70500.0,71270.9,2889.81549304
1773878400,2026-03-19,71270.9,71623.9,68782.0,69911.9,2809.93145539
1773964800,2026-03-20,69916.6,71340.6,69400.0,70515.6,1865.14043112
1774051200,2026-03-21,70515.6,71071.7,68538.3,68907.7,938.65954744
1774137600,2026-03-22,68907.7,69569.5,67343.1,67857.1,1438.32852543
1774224000,2026-03-23,67857.1,71816.6,67443.2,70887.2,2852.64979631
1774310400,2026-03-24,70887.2,71369.0,68902.0,70515.6,2158.45608189
1774396800,2026-03-25,70515.6,71985.0,70374.0,71309.6,1615.72178768
1774483200,2026-03-26,71302.2,71406.2,68115.8,68780.4,2565.93690916
1774569600,2026-03-27,68780.4,69112.0,65519.7,66358.3,2925.58018132
1774656000,2026-03-28,66360.4,67237.8,65889.0,66321.7,1188.30845698
1774742400,2026-03-29,66321.8,67066.2,64960.0,65950.3,1510.05083824
1774828800,2026-03-30,65950.4,68105.1,65733.2,66725.0,2721.49624973
1774915200,2026-03-31,66725.0,68500.0,65939.0,68219.7,2941.58055909
1775001600,2026-04-01,68219.7,69250.0,67546.2,68098.5,1845.16490076
1775088000,2026-04-02,68098.5,68632.7,65688.2,66880.8,2041.73883296
1775174400,2026-04-03,66885.7,67369.0,66288.0,66933.0,1402.96443343
1775260800,2026-04-04,66932.9,67534.0,66790.0,67283.8,850.49526169
1775347200,2026-04-05,67283.8,69098.9,66618.0,68983.7,1129.36541848
1775433600,2026-04-06,68983.8,70463.7,68350.0,68861.4,2039.17432787
1775520000,2026-04-07,68861.3,72728.0,67734.9,71925.0,2176.37959276
1775606400,2026-04-08,71925.0,72850.0,70703.0,71109.0,1764.62548909
1775692800,2026-04-09,71090.2,73130.5,70465.1,71803.5,1623.23385044
1775779200,2026-04-10,71803.5,73455.0,71429.8,72973.8,1873.50973218
1775865600,2026-04-11,72973.8,73800.0,72578.8,73060.6,1073.00848553
1775952000,2026-04-12,73060.6,73150.0,70517.7,70754.1,1417.83489267
1776038400,2026-04-13,70754.1,74966.2,70595.6,74441.7,2194.42895802
1776124800,2026-04-14,74441.2,76088.3,73858.9,74171.4,3104.76504059
1776211200,2026-04-15,74171.4,75438.8,73558.1,74810.1,1995.39439006
1776297600,2026-04-16,74810.1,75500.0,73310.6,75162.9,2462.98214823
1776384000,2026-04-17,75162.9,78343.6,74569.8,77117.4,2994.99390869
1776470400,2026-04-18,77117.4,77432.1,75500.0,75728.8,873.62953918
1776556800,2026-04-19,75728.8,76274.6,73809.7,73827.6,1154.32176776
1776643200,2026-04-20,73827.6,76588.0,73637.3,75848.3,1806.24256924
1776729600,2026-04-21,75848.3,77169.6,74850.0,76351.9,2016.42495624
1776816000,2026-04-22,76350.3,79490.7,76151.3,78204.0,2385.07653286
1776902400,2026-04-23,78204.0,78690.1,76984.3,78283.6,1348.27125024
1776988800,2026-04-24,78283.1,78580.7,77282.6,77455.0,1515.52816204
1777075200,2026-04-25,77455.0,77876.3,77145.3,77648.5,464.66865149
1777161600,2026-04-26,77648.5,78964.8,77356.2,78653.8,726.37495163
1777248000,2026-04-27,78653.8,79481.2,76480.4,77374.7,2180.49916282
1777334400,2026-04-28,77374.7,77799.0,75652.1,76331.9,1632.88839135
1777420800,2026-04-29,76331.9,77888.0,74940.0,75750.3,1865.52715380
1777507200,2026-04-30,75752.7,76634.1,75290.9,76313.0,1029.73817744
1777593600,2026-05-01,76312.9,78900.0,76284.2,78235.3,1781.33231631
1777680000,2026-05-02,78235.3,79140.0,78045.0,78660.0,772.44804550
1777766400,2026-05-03,78660.0,79400.0,78078.7,78547.4,925.84557408
1777852800,2026-05-04,78547.4,80770.7,78209.2,79843.7,2899.88446138
1777939200,2026-05-05,79843.8,81765.8,79808.0,80900.8,2055.14321446
1778025600,2026-05-06,80900.1,82790.9,80728.1,81438.0,2205.62908287
1778112000,2026-05-07,81438.0,81705.0,79368.7,80011.5,1605.26480467
1778198400,2026-05-08,80011.5,80465.8,79168.1,80196.9,1280.40833880
1778284800,2026-05-09,80196.9,81050.0,80124.0,80670.1,762.80638847
1778371200,2026-05-10,80670.1,82436.6,80301.0,82171.8,1744.15466638
1778457600,2026-05-11,82171.9,82345.1,80421.5,81730.5,1924.14735607
1778544000,2026-05-12,81730.6,81760.4,79844.4,80492.3,1357.67660984
1778630400,2026-05-13,80492.4,81277.0,78720.9,79292.1,1610.02722336
1778716800,2026-05-14,79292.1,82017.4,78901.6,81070.1,2233.97174442
1778803200,2026-05-15,81070.1,81646.5,78620.0,79062.5,1689.20725007
1778889600,2026-05-16,79062.6,79175.0,77624.4,78122.8,1218.88774813
1778976000,2026-05-17,78122.9,78579.1,76642.3,77410.0,1099.43633193
1779062400,2026-05-18,77410.1,77745.5,76020.8,76946.5,2170.56474743
1779148800,2026-05-19,76946.4,77336.2,76093.6,76756.3,2344.29356303
1779235200,2026-05-20,76756.3,77750.0,76459.6,77479.4,1295.09079589
1779321600,2026-05-21,77477.5,78100.0,76652.5,77549.7,1290.67700341
1779408000,2026-05-22,77549.8,77809.9,75288.0,75456.5,1503.44384552
1779494400,2026-05-23,75456.6,77308.2,74209.4,76670.1,1857.31788983
1779580800,2026-05-24,76670.1,77421.2,76020.5,76984.9,1090.22850740
1779667200,2026-05-25,76980.7,77809.9,76833.8,77265.9,876.40689020
1779753600,2026-05-26,77265.9,77989.3,75555.3,75824.0,2237.16429574
1779840000,2026-05-27,75827.7,76041.7,74121.0,74337.1,1593.44279877
1779926400,2026-05-28,74337.0,74467.1,72470.0,73515.7,2818.74516591
1780012800,2026-05-29,73516.5,74200.0,72362.8,73370.7,1633.66134845
1780099200,2026-05-30,73370.7,74004.4,73131.0,73753.7,606.09662277
1780185600,2026-05-31,73778.8,74161.0,73272.9,73570.0,438.52447399
1780272000,2026-06-01,73569.9,73960.0,70581.5,71317.5,2307.83132762
1780358400,2026-06-02,71315.5,71315.5,66111.8,66669.7,4728.61636012
1780444800,2026-06-03,66669.7,67420.0,64000.0,64035.8,3778.14458938
1780531200,2026-06-04,64036.1,64686.1,61255.9,63814.0,6745.49591932
1780617600,2026-06-05,63811.1,63905.3,59070.6,61037.9,8748.44688220
1780704000,2026-06-06,61038.3,61496.2,59493.5,60855.7,1841.87204538
1780790400,2026-06-07,60858.0,64613.0,60714.4,63307.6,2781.57362874
1780876800,2026-06-08,63305.6,64189.0,62388.2,63076.4,1837.84295763
1780963200,2026-06-09,63068.5,63467.9,60740.9,61690.4,3294.57413716
1781049600,2026-06-10,61688.1,62800.0,60746.8,61464.4,2863.41349846
1781136000,2026-06-11,61459.1,63845.9,61459.0,63552.3,1801.96999257
1781222400,2026-06-12,63553.7,64333.0,62765.3,63543.2,1577.39459696
1781308800,2026-06-13,63543.3,64750.0,63418.5,64404.0,782.31446436
1781395200,2026-06-14,64415.6,65750.0,63643.3,65715.1,1447.74205034
1781481600,2026-06-15,65715.1,67263.5,65321.7,66284.3,2571.36957686
1781568000,2026-06-16,66284.3,66922.4,65289.8,65609.5,1910.33813579
1781654400,2026-06-17,65609.6,66370.9,63866.5,64454.8,2485.03796601
1781740800,2026-06-18,64452.0,64740.9,62187.0,62885.6,2147.48432694
1781827200,2026-06-19,62885.7,63590.9,62236.1,63486.4,1647.79110882
1781913600,2026-06-20,63486.3,64336.4,63141.3,64250.1,847.30245859
1782000000,2026-06-21,64250.1,64493.6,63214.0,63234.0,1086.93977784
1782086400,2026-06-22,63234.0,65542.1,63234.0,63953.6,2098.68271649
1782172800,2026-06-23,63953.6,64200.0,61881.1,62650.3,2531.14555716
1782259200,2026-06-24,62650.3,63138.7,59001.0,60980.8,4422.38865387
1782345600,2026-06-25,60984.3,61858.8,58033.0,59707.1,4068.93387631
1782432000,2026-06-26,59721.1,60666.0,58265.0,60009.2,3463.57667373
1782518400,2026-06-27,60013.1,60471.8,59800.1,60318.3,359.77495542
